SKU,Date,Actual,Predicted,Abs_Error,APE
SKU001,2025-11-02,23,14.962929,8.037071228027344,34.94378794794497
SKU001,2025-11-03,13,12.242348,0.7576522827148438,5.828094482421875
SKU001,2025-11-04,10,11.896298,1.8962984085083008,18.962984085083008
SKU001,2025-11-05,7,11.969844,4.969843864440918,70.99776949201312
SKU001,2025-11-06,6,11.42743,5.427430152893066,90.45716921488443
SKU001,2025-11-07,17,12.162861,4.837139129638672,28.453759586109832
SKU001,2025-11-08,21,14.994781,6.005219459533691,28.596283140636626
SKU001,2025-11-09,18,13.755386,4.2446136474609375,23.58118693033854
SKU001,2025-11-10,10,11.332938,1.3329381942749023,13.329381942749025
SKU001,2025-11-11,6,11.495713,5.495713233947754,91.5952205657959
SKU001,2025-11-12,12,12.377134,0.3771343231201172,3.1427860260009766
SKU001,2025-11-13,16,12.388368,3.6116323471069336,22.572702169418335
SKU001,2025-11-14,9,11.308366,2.308365821838379,25.648509131537544
SKU001,2025-11-15,15,14.08466,0.9153404235839844,6.1022694905598955
SKU001,2025-11-16,19,13.126889,5.873110771179199,30.911109321995784
SKU001,2025-11-17,6,9.805223,3.8052234649658203,63.42039108276367
SKU001,2025-11-18,13,11.834365,1.165635108947754,8.966423914982723
SKU001,2025-11-19,10,10.606269,0.6062688827514648,6.062688827514648
SKU001,2025-11-20,12,10.457259,1.542740821838379,12.856173515319824
SKU001,2025-11-21,8,9.988559,1.9885587692260742,24.856984615325928
SKU001,2025-11-22,15,14.730383,0.26961708068847656,1.7974472045898435
SKU001,2025-11-23,20,12.619685,7.380314826965332,36.90157413482666
SKU001,2025-11-24,14,10.299421,3.7005786895751953,26.43270492553711
SKU001,2025-11-25,12,10.760063,1.2399368286132812,10.332806905110676
SKU001,2025-11-26,6,10.580638,4.5806379318237305,76.34396553039551
SKU001,2025-11-27,10,10.930673,0.9306726455688477,9.306726455688477
SKU001,2025-11-28,10,11.385083,1.3850831985473633,13.850831985473633
SKU001,2025-11-29,16,15.352959,0.6470413208007812,4.044008255004883
SKU001,2025-11-30,16,12.495893,3.5041074752807617,21.90067172050476
SKU001,2025-12-01,11,10.850462,0.1495380401611328,1.359436728737571
SKU001,2025-12-02,9,10.843411,1.8434114456176758,20.482349395751953
SKU001,2025-12-03,8,11.609167,3.6091670989990234,45.11458873748779
SKU001,2025-12-04,7,10.971603,3.9716033935546875,56.73719133649554
SKU001,2025-12-05,15,11.950439,3.049560546875,20.330403645833332
SKU001,2025-12-06,14,12.41951,1.5804901123046875,11.289215087890625
SKU001,2025-12-07,24,14.310385,9.689615249633789,40.37339687347412
SKU001,2025-12-08,12,11.89133,0.10867023468017578,0.9055852890014648
SKU001,2025-12-09,9,11.80062,2.8006200790405273,31.11800087822808
SKU001,2025-12-10,14,13.36556,0.6344404220581055,4.531717300415039
SKU001,2025-12-11,13,13.508164,0.5081644058227539,3.9089569678673377
SKU001,2025-12-12,17,14.500369,2.499630928039551,14.703711341409123
SKU001,2025-12-13,10,15.192816,5.192815780639648,51.92815780639648
SKU001,2025-12-14,14,14.626854,0.6268539428710938,4.477528163364956
SKU001,2025-12-15,16,12.857045,3.1429548263549805,19.643467664718628
SKU001,2025-12-16,12,12.352346,0.35234642028808594,2.936220169067383
SKU001,2025-12-17,12,13.113525,1.113525390625,9.279378255208332
SKU001,2025-12-18,15,13.022547,1.9774532318115234,13.183021545410156
SKU001,2025-12-19,8,11.7709675,3.770967483520508,47.13709354400635
SKU001,2025-12-20,13,14.301457,1.301457405090332,10.011210808387169
SKU001,2025-12-21,15,14.61183,0.3881702423095703,2.5878016153971353
SKU001,2025-12-22,7,11.825103,4.825102806091309,68.9300400870187
SKU001,2025-12-23,19,13.569243,5.430756568908691,28.582929310045746
SKU001,2025-12-24,10,12.171019,2.171018600463867,21.710186004638672
SKU001,2025-12-25,10,12.5938015,2.593801498413086,25.93801498413086
SKU001,2025-12-26,13,13.513879,0.5138788223266602,3.952914017897386
SKU001,2025-12-27,8,13.686812,5.686812400817871,71.08515501022339
SKU001,2025-12-28,9,13.9453335,4.945333480834961,54.94814978705512
SKU001,2025-12-29,12,10.958766,1.041234016418457,8.676950136820476
SKU001,2025-12-30,14,10.754713,3.2452869415283203,23.180621010916575
SKU001,2025-12-31,11,10.806478,0.19352245330810547,1.7592950300736863
SKU002,2025-11-02,14,13.276838,0.7231616973876953,5.165440695626395
SKU002,2025-11-03,12,10.035814,1.9641857147216797,16.36821428934733
SKU002,2025-11-04,5,9.254602,4.254602432250977,85.09204864501953
SKU002,2025-11-05,7,9.532788,2.5327882766723633,36.18268966674805
SKU002,2025-11-06,11,9.0583,1.9416999816894531,17.651818015358664
SKU002,2025-11-07,8,8.912587,0.9125871658325195,11.407339572906494
SKU002,2025-11-08,15,13.702426,1.2975740432739258,8.650493621826172
SKU002,2025-11-09,14,13.251154,0.7488460540771484,5.348900386265346
SKU002,2025-11-10,11,9.439496,1.5605039596557617,14.186399633234197
SKU002,2025-11-11,3,8.753616,5.7536163330078125,191.78721110026044
SKU002,2025-11-12,9,10.431448,1.431447982788086,15.904977586534288
SKU002,2025-11-13,11,9.157662,1.8423376083374023,16.748523712158203
SKU002,2025-11-14,6,8.765804,2.7658042907714844,46.096738179524735
SKU002,2025-11-15,11,11.960815,0.9608154296875,8.734685724431818
SKU002,2025-11-16,9,11.377153,2.3771533966064453,26.412815517849392
SKU002,2025-11-17,8,7.4854198,0.514580249786377,6.432253122329712
SKU002,2025-11-18,11,7.9357834,3.0642166137695312,27.856514670632105
SKU002,2025-11-19,10,7.782745,2.217255115509033,22.172551155090332
SKU002,2025-11-20,8,7.753509,0.2464909553527832,3.08113694190979
SKU002,2025-11-21,4,7.697059,3.697059154510498,92.42647886276245
SKU002,2025-11-22,12,11.755623,0.24437713623046875,2.0364761352539062
SKU002,2025-11-23,11,12.453614,1.4536142349243164,13.21467486294833
SKU002,2025-11-24,10,8.263111,1.7368888854980469,17.36888885498047
SKU002,2025-11-25,12,8.281738,3.71826171875,30.985514322916668
SKU002,2025-11-26,5,7.4309435,2.430943489074707,48.61886978149414
SKU002,2025-11-27,11,8.990268,2.009732246398926,18.270293149081144
SKU002,2025-11-28,7,8.161209,1.1612091064453125,16.588701520647323
SKU002,2025-11-29,14,12.532777,1.4672231674194336,10.480165481567383
SKU002,2025-11-30,7,11.844219,4.844219207763672,69.20313153948102
SKU002,2025-12-01,10,10.089616,0.0896158218383789,0.8961582183837891
SKU002,2025-12-02,6,8.124023,2.1240234375,35.400390625
SKU002,2025-12-03,8,9.366964,1.366964340209961,17.08705425262451
SKU002,2025-12-04,5,8.171395,3.1713953018188477,63.42790603637696
SKU002,2025-12-05,8,8.743244,0.7432441711425781,9.290552139282227
SKU002,2025-12-06,8,7.9426103,0.05738973617553711,0.7173717021942139
SKU002,2025-12-07,6,8.474469,2.4744691848754883,41.24115308125813
SKU002,2025-12-08,9,7.7072744,1.2927255630493164,14.363617367214626
SKU002,2025-12-09,6,6.199281,0.1992812156677246,3.3213535944620767
SKU002,2025-12-10,3,6.528203,3.528203010559082,117.60676701863606
SKU002,2025-12-11,9,7.511156,1.4888439178466797,16.54271019829644
SKU002,2025-12-12,11,6.466728,4.533271789550781,41.21156172318892
SKU002,2025-12-13,8,6.989434,1.010566234588623,12.632077932357788
SKU002,2025-12-14,9,8.876781,0.12321853637695312,1.3690948486328125
SKU002,2025-12-15,9,7.5874586,1.412541389465332,15.694904327392578
SKU002,2025-12-16,7,7.205063,0.2050628662109375,2.929469517299107
SKU002,2025-12-17,6,8.296628,2.296627998352051,38.27713330586751
SKU002,2025-12-18,9,8.26854,0.7314596176147461,8.12732908460829
SKU002,2025-12-19,8,7.5928454,0.40715456008911133,5.089432001113892
SKU002,2025-12-20,4,7.9028573,3.9028573036193848,97.57143259048462
SKU002,2025-12-21,12,9.1671095,2.832890510559082,23.607420921325684
SKU002,2025-12-22,5,6.8420033,1.842003345489502,36.84006690979004
SKU002,2025-12-23,4,7.149033,3.1490330696105957,78.72582674026489
SKU002,2025-12-24,10,7.623687,2.3763132095336914,23.763132095336914
SKU002,2025-12-25,7,6.8337317,0.16626834869384766,2.375262124197824
SKU002,2025-12-26,6,7.2991533,1.2991533279418945,21.652555465698242
SKU002,2025-12-27,9,8.699065,0.3009347915649414,3.343719906277127
SKU002,2025-12-28,10,7.9507117,2.049288272857666,20.49288272857666
SKU002,2025-12-29,9,7.356778,1.6432218551635742,18.2580206129286
SKU002,2025-12-30,10,8.563217,1.4367828369140625,14.367828369140625
SKU002,2025-12-31,8,8.033423,0.033423423767089844,0.41779279708862305
SKU003,2025-11-02,10,7.371075,2.62892484664917,26.2892484664917
SKU003,2025-11-03,4,4.7586336,0.7586336135864258,18.965840339660645
SKU003,2025-11-04,6,5.0253935,0.9746065139770508,16.243441899617515
SKU003,2025-11-05,2,4.202447,2.202446937561035,110.12234687805176
SKU003,2025-11-06,8,5.9554143,2.044585704803467,25.557321310043335
SKU003,2025-11-07,9,5.9626274,3.037372589111328,33.748584323459205
SKU003,2025-11-08,7,6.770884,0.22911596298217773,3.2730851854596823
SKU003,2025-11-09,3,7.5318723,4.531872272491455,151.06240908304852
SKU003,2025-11-10,4,5.73088,1.730879783630371,43.27199459075928
SKU003,2025-11-11,3,5.098806,2.0988059043884277,69.9601968129476
SKU003,2025-11-12,4,5.0249496,1.024949550628662,25.623738765716553
SKU003,2025-11-13,4,4.562717,0.5627169609069824,14.06792402267456
SKU003,2025-11-14,9,4.6644626,4.335537433624268,48.17263815138075
SKU003,2025-11-15,3,4.8458524,1.8458523750305176,61.52841250101725
SKU003,2025-11-16,10,7.3883877,2.611612319946289,26.116123199462894
SKU003,2025-11-17,5,4.562017,0.43798303604125977,8.759660720825195
SKU003,2025-11-18,6,5.108593,0.8914070129394531,14.856783548990885
SKU003,2025-11-19,5,5.000184,0.00018405914306640625,0.003681182861328125
SKU003,2025-11-20,5,5.4066772,0.40667724609375,8.133544921875
SKU003,2025-11-21,2,4.6540704,2.6540703773498535,132.70351886749268
SKU003,2025-11-22,11,7.9420247,3.0579752922058105,27.799775383689184
SKU003,2025-11-23,7,7.1702323,0.17023229598999023,2.4318899427141463
SKU003,2025-11-24,6,5.322047,0.677952766418457,11.29921277364095
SKU003,2025-11-25,4,4.81999,0.8199901580810547,20.499753952026367
SKU003,2025-11-26,4,4.9600224,0.9600224494934082,24.000561237335205
SKU003,2025-11-27,1,4.6529374,3.652937412261963,365.2937412261963
SKU003,2025-11-28,1,4.436951,3.436951160430908,343.6951160430908
SKU003,2025-11-29,6,5.8117824,0.1882176399230957,3.1369606653849282
SKU003,2025-11-30,7,4.606474,2.393526077270508,34.19322967529297
SKU003,2025-12-01,5,3.8624976,1.1375024318695068,22.750048637390137
SKU003,2025-12-02,9,4.733169,4.266830921173096,47.409232457478836
SKU003,2025-12-03,4,4.008786,0.008786201477050781,0.21965503692626953
SKU003,2025-12-04,5,5.5398335,0.5398335456848145,10.796670913696289
SKU003,2025-12-05,4,5.942604,1.9426040649414062,48.565101623535156
SKU003,2025-12-06,5,6.593672,1.5936717987060547,31.873435974121094
SKU003,2025-12-07,6,6.0920744,0.09207439422607422,1.5345732371012368
SKU003,2025-12-08,1,4.7384167,3.7384166717529297,373.84166717529297
SKU003,2025-12-09,9,4.9543023,4.0456976890563965,44.95219654507107
SKU003,2025-12-10,1,3.7153,2.7153000831604004,271.53000831604004
SKU003,2025-12-11,5,4.5078897,0.4921102523803711,9.842205047607422
SKU003,2025-12-12,2,3.9703891,1.9703891277313232,98.51945638656616
SKU003,2025-12-13,6,4.931412,1.0685877799987793,17.80979633331299
SKU003,2025-12-14,9,4.649722,4.350277900695801,48.33642111884223
SKU003,2025-12-15,4,5.0414343,1.0414342880249023,26.03585720062256
SKU003,2025-12-16,2,4.189264,2.1892638206481934,109.46319103240967
SKU003,2025-12-17,5,4.782603,0.21739721298217773,4.347944259643555
SKU003,2025-12-18,1,3.9601815,2.960181474685669,296.0181474685669
SKU003,2025-12-19,3,4.2502813,1.2502813339233398,41.67604446411133
SKU003,2025-12-20,5,4.9583497,0.04165029525756836,0.8330059051513673
SKU003,2025-12-21,3,3.1158278,0.11582779884338379,3.860926628112793
SKU003,2025-12-22,3,3.6478152,0.6478152275085449,21.5938409169515
SKU003,2025-12-23,6,3.7207415,2.2792584896087646,37.987641493479416
SKU003,2025-12-24,2,2.5926049,0.5926048755645752,29.63024377822876
SKU003,2025-12-25,4,3.7761135,0.22388648986816406,5.597162246704102
SKU003,2025-12-26,6,4.148403,1.8515968322753906,30.859947204589844
SKU003,2025-12-27,9,4.704584,4.295415878295898,47.72684309217665
SKU003,2025-12-28,4,4.6810455,0.6810455322265625,17.026138305664062
SKU003,2025-12-29,7,5.272101,1.7278990745544434,24.684272493634904
SKU003,2025-12-30,4,4.983451,0.9834508895874023,24.58627223968506
SKU003,2025-12-31,6,5.8262086,0.17379140853881836,2.8965234756469727
SKU004,2025-11-02,3,5.4464455,2.4464454650878906,81.54818216959634
SKU004,2025-11-03,5,4.6551166,0.34488344192504883,6.897668838500977
SKU004,2025-11-04,3,3.6139457,0.613945722579956,20.46485741933187
SKU004,2025-11-05,3,3.5182877,0.5182876586914062,17.27625528971354
SKU004,2025-11-06,4,3.9802413,0.01975870132446289,0.49396753311157227
SKU004,2025-11-07,2,3.3351333,1.3351333141326904,66.75666570663452
SKU004,2025-11-08,3,3.9825804,0.9825804233551025,32.75268077850342
SKU004,2025-11-09,7,5.626248,1.3737521171569824,19.625030245099747
SKU004,2025-11-10,3,2.6450412,0.35495877265930176,11.83195908864339
SKU004,2025-11-11,7,3.9562426,3.043757438659668,43.48224912370954
SKU004,2025-11-12,2,2.8698802,0.869880199432373,43.49400997161865
SKU004,2025-11-13,3,3.6743479,0.6743478775024414,22.47826258341471
SKU004,2025-11-14,6,4.3081985,1.6918015480041504,28.19669246673584
SKU004,2025-11-15,2,5.1215663,3.1215662956237793,156.07831478118896
SKU004,2025-11-16,8,6.445872,1.5541281700134277,19.426602125167847
SKU004,2025-11-17,4,3.4788504,0.5211496353149414,13.028740882873535
SKU004,2025-11-18,3,3.3095748,0.30957484245300293,10.319161415100098
SKU004,2025-11-19,5,3.9185972,1.0814027786254883,21.628055572509766
SKU004,2025-11-20,3,3.7202392,0.7202391624450684,24.00797208150228
SKU004,2025-11-21,1,3.2894502,2.289450168609619,228.9450168609619
SKU004,2025-11-22,4,6.6220922,2.6220922470092773,65.55230617523193
SKU004,2025-11-23,8,5.6613507,2.338649272918701,29.233115911483765
SKU004,2025-11-24,2,2.5794344,0.5794343948364258,28.97171974182129
SKU004,2025-11-25,0,2.7238383,2.7238383293151855,
SKU004,2025-11-26,4,2.5446885,1.4553115367889404,36.38278841972351
SKU004,2025-11-27,3,2.3790383,0.6209616661071777,20.698722203572594
SKU004,2025-11-28,3,2.8642366,0.13576340675354004,4.525446891784668
SKU004,2025-11-29,5,4.1469674,0.8530325889587402,17.060651779174805
SKU004,2025-11-30,5,3.049643,1.9503569602966309,39.00713920593262
SKU004,2025-12-01,5,3.347198,1.6528019905090332,33.056039810180664
SKU004,2025-12-02,3,4.188966,1.1889657974243164,39.63219324747722
SKU004,2025-12-03,1,3.4755657,2.4755656719207764,247.55656719207764
SKU004,2025-12-04,3,3.6179163,0.6179163455963135,20.597211519877114
SKU004,2025-12-05,7,4.377266,2.6227340698242188,37.46762956891741
SKU004,2025-12-06,5,4.4592547,0.5407452583312988,10.814905166625977
SKU004,2025-12-07,4,4.441071,0.4410710334777832,11.02677583694458
SKU004,2025-12-08,5,3.9745536,1.0254464149475098,20.508928298950195
SKU004,2025-12-09,5,3.8574734,1.142526626586914,22.85053253173828
SKU004,2025-12-10,4,4.340861,0.34086084365844727,8.521521091461182
SKU004,2025-12-11,6,5.3292212,0.670778751373291,11.179645856221516
SKU004,2025-12-12,4,4.278621,0.27862119674682617,6.965529918670654
SKU004,2025-12-13,8,6.0055194,1.9944806098937988,24.931007623672485
SKU004,2025-12-14,7,6.0660334,0.9339666366577148,13.34238052368164
SKU004,2025-12-15,5,5.278157,0.27815723419189453,5.563144683837891
SKU004,2025-12-16,6,5.618217,0.38178300857543945,6.363050142923991
SKU004,2025-12-17,7,5.587881,1.412118911743164,20.17312731061663
SKU004,2025-12-18,3,5.180687,2.1806869506835938,72.68956502278647
SKU004,2025-12-19,6,6.178784,0.17878389358520508,2.979731559753418
SKU004,2025-12-20,4,5.8825936,1.8825936317443848,47.06484079360962
SKU004,2025-12-21,7,6.142046,0.8579540252685547,12.256486075265068
SKU004,2025-12-22,4,4.835394,0.8353939056396484,20.88484764099121
SKU004,2025-12-23,7,5.1585426,1.8414573669433594,26.306533813476562
SKU004,2025-12-24,4,4.328875,0.3288750648498535,8.221876621246338
SKU004,2025-12-25,3,5.085121,2.0851211547851562,69.50403849283853
SKU004,2025-12-26,2,4.378677,2.3786768913269043,118.93384456634521
SKU004,2025-12-27,3,4.882182,1.8821821212768555,62.73940404256185
SKU004,2025-12-28,7,4.850476,2.149524211883545,30.7074887411935
SKU004,2025-12-29,1,2.7494018,1.7494018077850342,174.94018077850342
SKU004,2025-12-30,3,3.406981,0.4069809913635254,13.566033045450846
SKU004,2025-12-31,2,3.1425116,1.1425116062164307,57.12558031082153
SKU005,2025-11-02,11,18.264112,7.26411247253418,66.03738611394708
SKU005,2025-11-03,12,14.447293,2.447293281555176,20.394110679626465
SKU005,2025-11-04,19,13.337546,5.662453651428223,29.802387639095905
SKU005,2025-11-05,18,13.440085,4.559914588928223,25.332858827379013
SKU005,2025-11-06,12,12.726978,0.7269783020019531,6.058152516682943
SKU005,2025-11-07,10,13.53439,3.534390449523926,35.34390449523926
SKU005,2025-11-08,22,19.483255,2.516744613647461,11.439748243852096
SKU005,2025-11-09,21,19.471212,1.528787612915039,7.279941013881139
SKU005,2025-11-10,13,14.785714,1.7857141494750977,13.736262688269981
SKU005,2025-11-11,13,14.617014,1.617013931274414,12.438568702110878
SKU005,2025-11-12,9,12.836511,3.83651065826416,42.62789620293511
SKU005,2025-11-13,10,13.626484,3.626483917236328,36.26483917236328
SKU005,2025-11-14,16,13.990034,2.0099658966064453,12.562286853790283
SKU005,2025-11-15,24,18.382318,5.617681503295898,23.40700626373291
SKU005,2025-11-16,17,17.922747,0.9227466583251953,5.427921519559972
SKU005,2025-11-17,16,13.695632,2.304368019104004,14.402300119400024
SKU005,2025-11-18,12,12.561637,0.5616369247436523,4.6803077061971035
SKU005,2025-11-19,14,14.288907,0.2889070510864258,2.06362179347447
SKU005,2025-11-20,10,14.101113,4.101113319396973,41.01113319396973
SKU005,2025-11-21,17,14.501935,2.4980649948120117,14.694499969482422
SKU005,2025-11-22,25,19.290659,5.709341049194336,22.837364196777344
SKU005,2025-11-23,21,19.258867,1.7411327362060547,8.29110826764788
SKU005,2025-11-24,8,13.827179,5.827178955078125,72.83973693847656
SKU005,2025-11-25,18,15.131465,2.868535041809082,15.936305787828234
SKU005,2025-11-26,15,14.079912,0.9200878143310547,6.133918762207031
SKU005,2025-11-27,10,14.50242,4.502420425415039,45.02420425415039
SKU005,2025-11-28,9,13.226855,4.226855278015137,46.965058644612625
SKU005,2025-11-29,14,17.68358,3.6835803985595703,26.31128856113979
SKU005,2025-11-30,26,18.436659,7.56334114074707,29.089773618257965
SKU005,2025-12-01,19,15.346984,3.6530160903930664,19.226400475752982
SKU005,2025-12-02,13,13.910679,0.9106788635253906,7.005222027118389
SKU005,2025-12-03,13,14.72938,1.729379653930664,13.302920414851263
SKU005,2025-12-04,15,15.523325,0.5233249664306641,3.4888331095377603
SKU005,2025-12-05,10,15.710658,5.710658073425293,57.10658073425293
SKU005,2025-12-06,15,18.274282,3.274282455444336,21.82854970296224
SKU005,2025-12-07,11,16.268265,5.2682647705078125,47.89331609552557
SKU005,2025-12-08,16,13.79933,2.2006702423095703,13.754189014434814
SKU005,2025-12-09,13,11.944424,1.0555763244628906,8.119817880483774
SKU005,2025-12-10,15,13.009018,1.9909820556640625,13.273213704427084
SKU005,2025-12-11,10,11.714654,1.7146539688110352,17.14653968811035
SKU005,2025-12-12,17,14.017707,2.982293128967285,17.542900758631088
SKU005,2025-12-13,17,15.1705475,1.8294525146484375,10.761485380284928
SKU005,2025-12-14,15,16.693283,1.6932830810546875,11.288553873697916
SKU005,2025-12-15,9,13.386412,4.386411666870117,48.73790740966797
SKU005,2025-12-16,15,14.310221,0.6897792816162109,4.598528544108073
SKU005,2025-12-17,16,13.287098,2.712902069091797,16.95563793182373
SKU005,2025-12-18,14,13.865558,0.13444232940673828,0.9603023529052734
SKU005,2025-12-19,12,13.438026,1.4380264282226562,11.983553568522137
SKU005,2025-12-20,18,15.782167,2.217832565307617,12.321292029486761
SKU005,2025-12-21,16,15.719828,0.28017234802246094,1.7510771751403809
SKU005,2025-12-22,21,17.004454,3.995546340942383,19.026411147344678
SKU005,2025-12-23,14,14.423883,0.42388343811035156,3.0277388436453685
SKU005,2025-12-24,13,15.9461355,2.9461355209350586,22.662580930269684
SKU005,2025-12-25,18,16.43199,1.5680103302001953,8.711168501112196
SKU005,2025-12-26,8,15.44152,7.441519737243652,93.01899671554565
SKU005,2025-12-27,18,18.114836,0.11483573913574219,0.6379763285319011
SKU005,2025-12-28,16,17.754314,1.7543144226074219,10.964465141296387
SKU005,2025-12-29,17,15.856206,1.143794059753418,6.7282003514906945
SKU005,2025-12-30,16,15.1534195,0.8465805053710938,5.291128158569336
SKU005,2025-12-31,17,16.813736,0.1862640380859375,1.0956708122702206
SKU006,2025-11-02,8,7.1357455,0.8642544746398926,10.803180932998657
SKU006,2025-11-03,9,5.1086135,3.8913865089416504,43.23762787712945
SKU006,2025-11-04,2,4.82169,2.821690082550049,141.08450412750244
SKU006,2025-11-05,5,5.585907,0.585906982421875,11.7181396484375
SKU006,2025-11-06,4,5.2605824,1.260582447052002,31.51456117630005
SKU006,2025-11-07,7,5.7148,1.2852001190185547,18.360001700265066
SKU006,2025-11-08,3,6.750929,3.7509288787841797,125.03096262613933
SKU006,2025-11-09,9,8.101225,0.8987751007080078,9.986390007866754
SKU006,2025-11-10,5,4.636968,0.36303186416625977,7.260637283325195
SKU006,2025-11-11,4,4.902046,0.9020462036132812,22.55115509033203
SKU006,2025-11-12,4,4.9014273,0.9014272689819336,22.53568172454834
SKU006,2025-11-13,3,4.9100604,1.9100604057312012,63.66868019104004
SKU006,2025-11-14,5,4.5957603,0.4042396545410156,8.084793090820312
SKU006,2025-11-15,1,5.3969207,4.396920680999756,439.6920680999756
SKU006,2025-11-16,9,7.1157417,1.8842582702636719,20.936203002929688
SKU006,2025-11-17,6,3.7022,2.297800064086914,38.296667734781906
SKU006,2025-11-18,5,3.8855238,1.114476203918457,22.28952407836914
SKU006,2025-11-19,5,3.9510102,1.0489897727966309,20.979795455932617
SKU006,2025-11-20,8,5.069451,2.930549144744873,36.63186430931091
SKU006,2025-11-21,7,4.58326,2.4167399406433105,34.52485629490444
SKU006,2025-11-22,10,8.841475,1.1585254669189453,11.585254669189453
SKU006,2025-11-23,4,7.269503,3.269503116607666,81.73757791519165
SKU006,2025-11-24,3,5.698342,2.6983418464660645,89.94472821553549
SKU006,2025-11-25,3,5.115309,2.1153087615966797,70.51029205322266
SKU006,2025-11-26,7,5.3499823,1.6500177383422852,23.57168197631836
SKU006,2025-11-27,9,5.006056,3.9939441680908203,44.37715742323134
SKU006,2025-11-28,8,4.928575,3.071424961090088,38.3928120136261
SKU006,2025-11-29,4,6.112101,2.1121010780334473,52.80252695083618
SKU006,2025-11-30,6,7.038459,1.0384588241577148,17.30764706929525
SKU006,2025-12-01,5,6.119538,1.1195378303527832,22.390756607055664
SKU006,2025-12-02,5,6.303706,1.303706169128418,26.07412338256836
SKU006,2025-12-03,7,6.1442966,0.8557033538818359,12.22433362688337
SKU006,2025-12-04,4,5.350271,1.350271224975586,33.75678062438965
SKU006,2025-12-05,5,5.577242,0.5772418975830078,11.544837951660156
SKU006,2025-12-06,5,5.952746,0.9527459144592285,19.05491828918457
SKU006,2025-12-07,6,6.245229,0.24522876739501953,4.087146123250326
SKU006,2025-12-08,6,5.219704,0.7802958488464355,13.00493081410726
SKU006,2025-12-09,9,5.7926393,3.2073607444763184,35.63734160529243
SKU006,2025-12-10,2,4.5760903,2.5760903358459473,128.80451679229736
SKU006,2025-12-11,5,5.261024,0.26102399826049805,5.220479965209961
SKU006,2025-12-12,8,5.599398,2.400601863861084,30.00752329826355
SKU006,2025-12-13,3,5.9388175,2.9388175010681152,97.96058336893717
SKU006,2025-12-14,8,6.5041986,1.4958014488220215,18.69751811027527
SKU006,2025-12-15,6,5.428576,0.5714240074157715,9.523733456929524
SKU006,2025-12-16,7,5.429106,1.5708937644958496,22.44133949279785
SKU006,2025-12-17,4,4.976069,0.9760689735412598,24.401724338531494
SKU006,2025-12-18,2,5.3952203,3.3952202796936035,169.76101398468018
SKU006,2025-12-19,7,5.4487147,1.5512852668762207,22.161218098231725
SKU006,2025-12-20,5,5.934788,0.9347882270812988,18.695764541625977
SKU006,2025-12-21,10,6.5722246,3.4277753829956055,34.277753829956055
SKU006,2025-12-22,4,5.305072,1.3050718307495117,32.62679576873779
SKU006,2025-12-23,6,5.4649286,0.5350713729858398,8.917856216430664
SKU006,2025-12-24,11,6.4421167,4.557883262634277,41.435302387584336
SKU006,2025-12-25,5,5.9051313,0.9051313400268555,18.10262680053711
SKU006,2025-12-26,4,6.790195,2.7901949882507324,69.75487470626831
SKU006,2025-12-27,8,7.664961,0.3350391387939453,4.187989234924316
SKU006,2025-12-28,5,6.7140627,1.7140626907348633,34.281253814697266
SKU006,2025-12-29,6,6.6823473,0.682347297668457,11.37245496114095
SKU006,2025-12-30,6,6.548816,0.5488162040710449,9.146936734517414
SKU006,2025-12-31,8,5.996927,2.003073215484619,25.03841519355774
SKU007,2025-11-02,28,26.770948,1.2290515899658203,4.389469964163644
SKU007,2025-11-03,20,20.081747,0.08174705505371094,0.40873527526855463
SKU007,2025-11-04,20,20.237186,0.23718643188476562,1.1859321594238281
SKU007,2025-11-05,22,20.369968,1.6300315856933594,7.40923448042436
SKU007,2025-11-06,19,19.504246,0.5042457580566406,2.653925042403372
SKU007,2025-11-07,14,19.330282,5.330282211303711,38.07344436645508
SKU007,2025-11-08,25,26.844795,1.8447952270507812,7.379180908203126
SKU007,2025-11-09,22,25.175125,3.1751251220703125,14.43238691850142
SKU007,2025-11-10,12,18.573706,6.573705673217773,54.78088061014811
SKU007,2025-11-11,21,18.118792,2.8812084197998047,13.720040094284785
SKU007,2025-11-12,16,15.759238,0.24076175689697266,1.504760980606079
SKU007,2025-11-13,14,16.710926,2.710926055908203,19.36375754220145
SKU007,2025-11-14,10,15.617098,5.617097854614258,56.17097854614258
SKU007,2025-11-15,23,20.949856,2.0501441955566406,8.913670415463654
SKU007,2025-11-16,35,23.178152,11.821847915649414,33.7767083304269
SKU007,2025-11-17,14,17.85091,3.850910186767578,27.50650133405413
SKU007,2025-11-18,28,18.212627,9.787372589111328,34.954902103969026
SKU007,2025-11-19,24,17.830412,6.169588088989258,25.706617037455242
SKU007,2025-11-20,13,17.68986,4.689859390258789,36.075841463529144
SKU007,2025-11-21,18,22.498102,4.498102188110352,24.989456600613064
SKU007,2025-11-22,31,27.868479,3.131521224975586,10.101681370888988
SKU007,2025-11-23,29,25.540213,3.459787368774414,11.93030127163591
SKU007,2025-11-24,28,23.289598,4.71040153503418,16.82286262512207
SKU007,2025-11-25,24,21.716484,2.2835159301757812,9.514649709065754
SKU007,2025-11-26,20,20.352968,0.3529682159423828,1.764841079711914
SKU007,2025-11-27,20,22.76415,2.764150619506836,13.82075309753418
SKU007,2025-11-28,27,24.599545,2.4004554748535156,8.890575832790798
SKU007,2025-11-29,29,26.958132,2.041868209838867,7.040924861513336
SKU007,2025-11-30,33,28.529028,4.470972061157227,13.54840018532493
SKU007,2025-12-01,30,25.589607,4.410392761230469,14.701309204101562
SKU007,2025-12-02,17,24.246918,7.246917724609375,42.628927791819855
SKU007,2025-12-03,10,23.464455,13.464454650878906,134.64454650878906
SKU007,2025-12-04,22,24.95234,2.9523391723632812,13.419723510742188
SKU007,2025-12-05,20,21.727978,1.7279777526855469,8.639888763427734
SKU007,2025-12-06,26,23.953335,2.0466651916503906,7.871789198655349
SKU007,2025-12-07,20,22.668242,2.668241500854492,13.341207504272463
SKU007,2025-12-08,21,19.315113,1.6848869323730469,8.023271106538319
SKU007,2025-12-09,18,18.81629,0.8162899017333984,4.534943898518881
SKU007,2025-12-10,17,20.951084,3.9510841369628906,23.241671393899356
SKU007,2025-12-11,28,21.226448,6.773551940917969,24.19125693184989
SKU007,2025-12-12,23,21.127983,1.8720169067382812,8.139203942340353
SKU007,2025-12-13,18,21.77215,3.7721500396728516,20.956389109293617
SKU007,2025-12-14,29,24.458336,4.541664123535156,15.660910770810885
SKU007,2025-12-15,23,22.753544,0.24645614624023438,1.0715484619140625
SKU007,2025-12-16,21,21.55933,0.5593299865722656,2.663476126534598
SKU007,2025-12-17,18,21.602308,3.6023082733154297,20.012823740641274
SKU007,2025-12-18,30,21.682526,8.317474365234375,27.72491455078125
SKU007,2025-12-19,16,20.43397,4.433969497680664,27.71230936050415
SKU007,2025-12-20,19,26.141459,7.141458511352539,37.586623743960736
SKU007,2025-12-21,22,24.063728,2.0637283325195312,9.380583329634232
SKU007,2025-12-22,29,20.882868,8.117132186889648,27.99011098927465
SKU007,2025-12-23,24,21.428272,2.571727752685547,10.715532302856445
SKU007,2025-12-24,22,22.588402,0.5884017944335938,2.6745536110617896
SKU007,2025-12-25,21,18.877745,2.122255325317383,10.105977739606585
SKU007,2025-12-26,13,21.019344,8.019344329833984,61.687264075646034
SKU007,2025-12-27,23,24.437675,1.4376754760742188,6.250762939453125
SKU007,2025-12-28,29,23.928293,5.071706771850586,17.48864404086409
SKU007,2025-12-29,21,21.173122,0.17312240600585938,0.8243924095517113
SKU007,2025-12-30,30,23.393265,6.6067352294921875,22.022450764973957
SKU007,2025-12-31,17,21.256548,4.256547927856445,25.038517222684973
SKU008,2025-11-02,23,17.741938,5.258062362670898,22.861140707264777
SKU008,2025-11-03,22,13.884846,8.115154266357422,36.887064847079195
SKU008,2025-11-04,14,13.626027,0.37397289276123047,2.6712349482945035
SKU008,2025-11-05,11,15.204182,4.204181671142578,38.21983337402344
SKU008,2025-11-06,15,15.550832,0.5508317947387695,3.6722119649251304
SKU008,2025-11-07,10,15.7116375,5.711637496948242,57.11637496948242
SKU008,2025-11-08,18,20.550148,2.5501480102539062,14.167488945855034
SKU008,2025-11-09,22,20.59401,1.4059906005859375,6.390866366299716
SKU008,2025-11-10,9,13.607333,4.607333183288574,51.192590925428604
SKU008,2025-11-11,14,13.691965,0.30803489685058594,2.200249263218471
SKU008,2025-11-12,9,11.715568,2.7155675888061523,30.17297320895725
SKU008,2025-11-13,9,12.312105,3.312105178833008,36.80116865370009
SKU008,2025-11-14,15,13.155289,1.8447113037109375,12.298075358072918
SKU008,2025-11-15,16,16.271847,0.2718467712402344,1.6990423202514648
SKU008,2025-11-16,22,17.23147,4.768529891967773,21.67513587258079
SKU008,2025-11-17,16,13.719296,2.280703544616699,14.25439715385437
SKU008,2025-11-18,12,11.727326,0.2726736068725586,2.2722800572713213
SKU008,2025-11-19,11,12.651355,1.6513547897338867,15.01231627030806
SKU008,2025-11-20,11,13.149361,2.1493606567382812,19.539642333984375
SKU008,2025-11-21,8,11.677246,3.67724609375,45.965576171875
SKU008,2025-11-22,19,18.701105,0.29889488220214844,1.573130958958676
SKU008,2025-11-23,14,16.206442,2.206441879272461,15.760299137660436
SKU008,2025-11-24,19,12.187374,6.812625885009766,35.855925710577715
SKU008,2025-11-25,15,11.073294,3.926706314086914,26.17804209391276
SKU008,2025-11-26,15,12.446703,2.5532970428466797,17.02198028564453
SKU008,2025-11-27,9,12.115246,3.115245819091797,34.613842434353295
SKU008,2025-11-28,19,14.848086,4.151913642883301,21.852177067806846
SKU008,2025-11-29,13,17.767324,4.767324447631836,36.67172652024489
SKU008,2025-11-30,27,21.853596,5.146404266357422,19.060756542064524
SKU008,2025-12-01,19,16.030499,2.969501495361328,15.628955238743833
SKU008,2025-12-02,12,14.652706,2.6527061462402344,22.105884552001953
SKU008,2025-12-03,12,15.5558605,3.5558605194091797,29.632170995076496
SKU008,2025-12-04,10,15.425962,5.425962448120117,54.25962448120117
SKU008,2025-12-05,12,14.944318,2.9443178176879883,24.535981814066567
SKU008,2025-12-06,20,17.955257,2.0447425842285156,10.223712921142578
SKU008,2025-12-07,12,15.471154,3.47115421295166,28.9262851079305
SKU008,2025-12-08,17,14.171386,2.8286142349243164,16.638907264260684
SKU008,2025-12-09,20,13.860344,6.139656066894531,30.698280334472656
SKU008,2025-12-10,12,13.712264,1.712264060974121,14.268867174784342
SKU008,2025-12-11,15,15.207493,0.20749282836914062,1.3832855224609375
SKU008,2025-12-12,18,15.675574,2.32442569732666,12.913476096259224
SKU008,2025-12-13,12,15.7937975,3.793797492980957,31.61497910817464
SKU008,2025-12-14,18,18.826197,0.8261966705322266,4.589981502956815
SKU008,2025-12-15,16,15.838451,0.16154861450195312,1.009678840637207
SKU008,2025-12-16,19,14.9562235,4.043776512145996,21.28303427445261
SKU008,2025-12-17,12,14.242263,2.242262840270996,18.685523668924965
SKU008,2025-12-18,15,15.33543,0.3354301452636719,2.236200968424479
SKU008,2025-12-19,13,14.283933,1.2839326858520508,9.876405275785007
SKU008,2025-12-20,9,16.43815,7.438150405883789,82.646115620931
SKU008,2025-12-21,16,16.500137,0.5001373291015625,3.1258583068847656
SKU008,2025-12-22,14,14.37034,0.37034034729003906,2.6452881949288503
SKU008,2025-12-23,11,12.015403,1.0154027938842773,9.230934489857066
SKU008,2025-12-24,13,12.776212,0.22378826141357422,1.7214481647198017
SKU008,2025-12-25,14,12.590902,1.409097671508789,10.064983367919922
SKU008,2025-12-26,17,13.12992,3.87007999420166,22.765176436480353
SKU008,2025-12-27,13,15.2553215,2.255321502685547,17.348626943734978
SKU008,2025-12-28,23,16.682192,6.317808151245117,27.468731092370074
SKU008,2025-12-29,13,14.450503,1.4505033493041992,11.157718071570763
SKU008,2025-12-30,12,15.121193,3.1211929321289062,26.00994110107422
SKU008,2025-12-31,11,15.252103,4.252102851867676,38.65548047152432
SKU009,2025-11-02,21,14.308761,6.691239356994629,31.86304455711728
SKU009,2025-11-03,7,9.199084,2.1990842819213867,31.4154897417341
SKU009,2025-11-04,7,9.756128,2.7561283111572266,39.37326158796038
SKU009,2025-11-05,13,10.791136,2.208864212036133,16.991263169508713
SKU009,2025-11-06,6,9.691356,3.6913557052612305,61.52259508768717
SKU009,2025-11-07,4,8.346863,4.34686279296875,108.67156982421875
SKU009,2025-11-08,8,12.923013,4.923012733459473,61.53765916824341
SKU009,2025-11-09,10,11.197058,1.1970577239990234,11.970577239990234
SKU009,2025-11-10,8,7.1554937,0.8445062637329102,10.556328296661377
SKU009,2025-11-11,9,7.486061,1.5139389038085938,16.82154337565104
SKU009,2025-11-12,10,6.789224,3.210775852203369,32.10775852203369
SKU009,2025-11-13,1,5.7416296,4.741629600524902,474.16296005249023
SKU009,2025-11-14,12,8.694398,3.3056020736694336,27.54668394724528
SKU009,2025-11-15,8,10.029115,2.0291147232055664,25.36393404006958
SKU009,2025-11-16,14,12.195382,1.8046178817749023,12.890127726963588
SKU009,2025-11-17,8,7.3045683,0.6954317092895508,8.692896366119385
SKU009,2025-11-18,10,7.708344,2.291656017303467,22.916560173034668
SKU009,2025-11-19,8,7.409628,0.5903720855712891,7.379651069641113
SKU009,2025-11-20,4,7.5875335,3.587533473968506,89.68833684921265
SKU009,2025-11-21,10,8.4820175,1.5179824829101562,15.179824829101562
SKU009,2025-11-22,12,12.370011,0.3700113296508789,3.0834277470906573
SKU009,2025-11-23,11,12.943128,1.9431276321411133,17.6647966558283
SKU009,2025-11-24,5,7.151381,2.151381015777588,43.02762031555176
SKU009,2025-11-25,11,8.428146,2.5718536376953125,23.380487615411933
SKU009,2025-11-26,10,7.60083,2.399169921875,23.99169921875
SKU009,2025-11-27,10,8.0590515,1.940948486328125,19.40948486328125
SKU009,2025-11-28,7,7.9040723,0.9040722846984863,12.91531835283552
SKU009,2025-11-29,12,12.709526,0.7095260620117188,5.91271718343099
SKU009,2025-11-30,11,12.518491,1.5184907913208008,13.804461739280008
SKU009,2025-12-01,8,9.860405,1.8604049682617188,23.255062103271484
SKU009,2025-12-02,10,9.704505,0.29549503326416016,2.9549503326416016
SKU009,2025-12-03,7,8.849798,1.8497982025146484,26.42568860735212
SKU009,2025-12-04,13,9.876893,3.1231069564819336,24.023899665245644
SKU009,2025-12-05,10,9.495707,0.5042934417724609,5.042934417724609
SKU009,2025-12-06,11,11.85384,0.8538398742675781,7.762180675159801
SKU009,2025-12-07,18,12.785634,5.2143659591674805,28.968699773152668
SKU009,2025-12-08,4,9.790746,5.790745735168457,144.76864337921143
SKU009,2025-12-09,16,11.572334,4.427665710449219,27.672910690307617
SKU009,2025-12-10,10,10.57032,0.5703201293945312,5.7032012939453125
SKU009,2025-12-11,14,11.658232,2.341768264770508,16.7269161769322
SKU009,2025-12-12,12,11.367657,0.6323432922363281,5.269527435302734
SKU009,2025-12-13,13,13.696721,0.696721076965332,5.359392899733324
SKU009,2025-12-14,13,13.059752,0.059752464294433594,0.4596343407264123
SKU009,2025-12-15,9,11.981575,2.9815750122070312,33.128611246744796
SKU009,2025-12-16,8,12.596057,4.596056938171387,57.450711727142334
SKU009,2025-12-17,13,11.716049,1.2839508056640625,9.876544658954327
SKU009,2025-12-18,8,10.522832,2.522831916809082,31.535398960113525
SKU009,2025-12-19,8,10.45367,2.453669548034668,30.67086935043335
SKU009,2025-12-20,11,11.843866,0.8438663482666016,7.671512256969105
SKU009,2025-12-21,12,12.012628,0.012627601623535156,0.10523001352945964
SKU009,2025-12-22,10,9.8271475,0.1728525161743164,1.7285251617431643
SKU009,2025-12-23,12,10.072029,1.9279708862304688,16.06642405192057
SKU009,2025-12-24,7,9.303179,2.3031787872314453,32.902554103306365
SKU009,2025-12-25,9,10.132571,1.1325712203979492,12.584124671088325
SKU009,2025-12-26,13,10.592733,2.407266616821289,18.517435514009918
SKU009,2025-12-27,11,12.368633,1.3686332702636719,12.442120638760654
SKU009,2025-12-28,15,12.618958,2.3810415267944336,15.873610178629557
SKU009,2025-12-29,9,10.493685,1.4936847686767578,16.596497429741753
SKU009,2025-12-30,5,9.878084,4.878084182739258,97.56168365478516
SKU009,2025-12-31,7,10.312061,3.312061309814453,47.3151615687779
SKU010,2025-11-02,20,21.272472,1.2724723815917969,6.362361907958984
SKU010,2025-11-03,15,15.633663,0.6336631774902344,4.2244211832682295
SKU010,2025-11-04,12,14.875578,2.875577926635742,23.963149388631187
SKU010,2025-11-05,9,13.21955,4.219550132751465,46.88389036390517
SKU010,2025-11-06,15,14.030746,0.9692535400390625,6.461690266927084
SKU010,2025-11-07,9,11.785629,2.7856292724609375,30.951436360677082
SKU010,2025-11-08,15,15.572878,0.5728778839111328,3.8191858927408853
SKU010,2025-11-09,16,14.941956,1.05804443359375,6.6127777099609375
SKU010,2025-11-10,7,10.557248,3.557248115539551,50.81783022199359
SKU010,2025-11-11,17,11.953227,5.0467729568481445,29.686899746165558
SKU010,2025-11-12,11,10.954881,0.045119285583496094,0.4101753234863281
SKU010,2025-11-13,17,12.277566,4.722434043884277,27.779023787554575
SKU010,2025-11-14,10,11.246638,1.246638298034668,12.46638298034668
SKU010,2025-11-15,20,16.618053,3.381946563720703,16.909732818603516
SKU010,2025-11-16,23,15.624996,7.375003814697266,32.06523397694463
SKU010,2025-11-17,12,14.836928,2.836928367614746,23.641069730122886
SKU010,2025-11-18,11,13.098808,2.0988082885742188,19.080075350674715
SKU010,2025-11-19,19,15.210707,3.7892932891845703,19.943648890445107
SKU010,2025-11-20,11,12.3563175,1.3563175201416016,12.33015927401456
SKU010,2025-11-21,7,13.476434,6.476433753967285,92.52048219953265
SKU010,2025-11-22,26,18.180609,7.819391250610352,30.074581733116734
SKU010,2025-11-23,16,15.5693445,0.43065547943115234,2.691596746444702
SKU010,2025-11-24,8,13.214661,5.21466064453125,65.18325805664062
SKU010,2025-11-25,18,13.555747,4.444252967834473,24.69029426574707
SKU010,2025-11-26,11,11.083573,0.0835733413696289,0.7597576488148082
SKU010,2025-11-27,12,12.942321,0.9423208236694336,7.852673530578613
SKU010,2025-11-28,14,13.394826,0.6051740646362305,4.322671890258789
SKU010,2025-11-29,17,13.590871,3.4091291427612305,20.053700839771942
SKU010,2025-11-30,24,16.727673,7.272327423095703,30.301364262898762
SKU010,2025-12-01,7,14.211905,7.211904525756836,103.02720751081193
SKU010,2025-12-02,14,14.409655,0.4096546173095703,2.926104409354074
SKU010,2025-12-03,24,15.833794,8.166206359863281,34.02585983276367
SKU010,2025-12-04,18,15.324666,2.6753339767456055,14.862966537475586
SKU010,2025-12-05,20,17.094973,2.905027389526367,14.525136947631836
SKU010,2025-12-06,18,17.540241,0.4597587585449219,2.554215325249566
SKU010,2025-12-07,25,19.820873,5.179126739501953,20.716506958007812
SKU010,2025-12-08,12,16.917896,4.917896270751953,40.98246892293294
SKU010,2025-12-09,15,18.1854,3.1854000091552734,21.236000061035156
SKU010,2025-12-10,17,17.604958,0.6049575805664062,3.558574003331801
SKU010,2025-12-11,16,17.011559,1.0115585327148438,6.322240829467773
SKU010,2025-12-12,8,15.289194,7.289194107055664,91.1149263381958
SKU010,2025-12-13,20,17.80791,2.192089080810547,10.960445404052734
SKU010,2025-12-14,20,16.081963,3.9180374145507812,19.590187072753906
SKU010,2025-12-15,14,15.319859,1.3198585510253906,9.42756107875279
SKU010,2025-12-16,8,14.581506,6.58150577545166,82.26882219314575
SKU010,2025-12-17,15,14.101374,0.8986263275146484,5.990842183430989
SKU010,2025-12-18,16,13.814358,2.1856422424316406,13.660264015197754
SKU010,2025-12-19,7,13.418607,6.418606758117676,91.69438225882394
SKU010,2025-12-20,19,16.125244,2.874755859375,15.130293996710526
SKU010,2025-12-21,23,15.462097,7.53790283203125,32.773490574048914
SKU010,2025-12-22,10,13.341708,3.341708183288574,33.41708183288574
SKU010,2025-12-23,13,15.272597,2.272597312927246,17.481517791748047
SKU010,2025-12-24,20,16.187052,3.812948226928711,19.064741134643555
SKU010,2025-12-25,11,13.25785,2.25784969329834,20.52590630271218
SKU010,2025-12-26,13,16.47099,3.470989227294922,26.69991713303786
SKU010,2025-12-27,19,17.63184,1.3681602478027344,7.200843409488075
SKU010,2025-12-28,16,15.392348,0.6076517105102539,3.797823190689087
SKU010,2025-12-29,18,16.321074,1.6789264678955078,9.327369266086155
SKU010,2025-12-30,11,15.892097,4.892097473144531,44.47361339222301
SKU010,2025-12-31,18,15.437208,2.5627918243408203,14.237732357449001
SKU011,2025-11-02,2,3.439542,1.4395420551300049,71.97710275650024
SKU011,2025-11-03,1,2.1044455,1.104445457458496,110.44454574584961
SKU011,2025-11-04,3,2.2509267,0.7490732669830322,24.96910889943441
SKU011,2025-11-05,2,1.9552411,0.04475891590118408,2.237945795059204
SKU011,2025-11-06,2,2.0026276,0.0026276111602783203,0.13138055801391602
SKU011,2025-11-07,7,2.5634205,4.436579465866089,63.37970665522984
SKU011,2025-11-08,2,2.9027057,0.9027056694030762,45.13528347015381
SKU011,2025-11-09,2,3.4470367,1.4470367431640625,72.35183715820312
SKU011,2025-11-10,3,2.9619248,0.03807520866394043,1.2691736221313477
SKU011,2025-11-11,2,2.5283093,0.5283093452453613,26.415467262268066
SKU011,2025-11-12,3,2.9145777,0.08542227745056152,2.847409248352051
SKU011,2025-11-13,4,3.0958118,0.9041881561279297,22.604703903198242
SKU011,2025-11-14,5,2.630022,2.3699779510498047,47.399559020996094
SKU011,2025-11-15,6,3.9344194,2.0655806064605713,34.42634344100952
SKU011,2025-11-16,2,3.9827769,1.9827768802642822,99.13884401321411
SKU011,2025-11-17,1,2.8903174,1.890317440032959,189.0317440032959
SKU011,2025-11-18,2,2.8296938,0.8296937942504883,41.484689712524414
SKU011,2025-11-19,2,2.6696823,0.6696822643280029,33.48411321640015
SKU011,2025-11-20,0,2.3915591,2.39155912399292,
SKU011,2025-11-21,0,1.157681,1.1576809883117676,
SKU011,2025-11-22,3,2.3259625,0.6740374565124512,22.467915217081703
SKU011,2025-11-23,1,2.6782012,1.6782011985778809,167.8201198577881
SKU011,2025-11-24,1,0.93770576,0.06229424476623535,6.229424476623535
SKU011,2025-11-25,1,0.917798,0.0822020173072815,8.22020173072815
SKU011,2025-11-26,2,0.9692263,1.0307736992835999,51.53868496417999
SKU011,2025-11-27,1,1.1588141,0.15881407260894775,15.881407260894775
SKU011,2025-11-28,2,1.0717522,0.9282478094100952,46.41239047050476
SKU011,2025-11-29,6,1.6657383,4.334261655807495,72.23769426345825
SKU011,2025-11-30,2,2.3081605,0.30816054344177246,15.408027172088623
SKU011,2025-12-01,4,2.696186,1.3038139343261719,32.5953483581543
SKU011,2025-12-02,3,2.4826968,0.5173032283782959,17.2434409459432
SKU011,2025-12-03,6,3.4178016,2.58219838142395,43.03663969039917
SKU011,2025-12-04,0,2.6567008,2.656700849533081,
SKU011,2025-12-05,2,3.3164797,1.3164796829223633,65.82398414611816
SKU011,2025-12-06,2,2.9787931,0.9787931442260742,48.93965721130371
SKU011,2025-12-07,0,3.029598,3.0295979976654053,
SKU011,2025-12-08,3,2.7121615,0.2878384590148926,9.594615300496418
SKU011,2025-12-09,1,2.1428633,1.1428632736206055,114.28632736206055
SKU011,2025-12-10,3,1.8280969,1.171903133392334,39.06343777974446
SKU011,2025-12-11,6,2.7441947,3.255805253982544,54.26342089970907
SKU011,2025-12-12,3,2.1751342,0.8248658180236816,27.495527267456055
SKU011,2025-12-13,2,2.9783287,0.9783287048339844,48.91643524169922
SKU011,2025-12-14,5,3.5133936,1.4866063594818115,29.73212718963623
SKU011,2025-12-15,3,2.8289154,0.17108464241027832,5.702821413675943
SKU011,2025-12-16,2,3.3827698,1.3827698230743408,69.13849115371704
SKU011,2025-12-17,5,3.7448978,1.2551021575927734,25.10204315185547
SKU011,2025-12-18,3,2.6881452,0.31185483932495117,10.395161310831707
SKU011,2025-12-19,1,3.1481276,2.148127555847168,214.8127555847168
SKU011,2025-12-20,2,3.4145272,1.414527177810669,70.72635889053345
SKU011,2025-12-21,2,3.011044,1.0110440254211426,50.55220127105713
SKU011,2025-12-22,1,2.6191695,1.6191694736480713,161.91694736480713
SKU011,2025-12-23,0,1.8892848,1.8892848491668701,
SKU011,2025-12-24,5,1.552269,3.4477310180664062,68.95462036132812
SKU011,2025-12-25,5,2.269904,2.7300961017608643,54.601922035217285
SKU011,2025-12-26,5,2.4215815,2.578418493270874,51.56836986541749
SKU011,2025-12-27,3,2.45722,0.5427799224853516,18.092664082845054
SKU011,2025-12-28,3,2.9985647,0.0014352798461914062,0.047842661539713546
SKU011,2025-12-29,1,2.8403604,1.840360403060913,184.0360403060913
SKU011,2025-12-30,0,3.2300665,3.2300665378570557,
SKU011,2025-12-31,2,2.9202702,0.9202702045440674,46.01351022720337
SKU012,2025-11-02,37,28.840958,8.159042358398438,22.05146583350929
SKU012,2025-11-03,13,17.464266,4.464265823364258,34.34050633357121
SKU012,2025-11-04,22,19.36386,2.636140823364258,11.982458288019354
SKU012,2025-11-05,20,19.069468,0.9305324554443359,4.65266227722168
SKU012,2025-11-06,23,19.636091,3.3639087677001953,14.625690294348676
SKU012,2025-11-07,11,18.560232,7.560232162475586,68.72938329523261
SKU012,2025-11-08,35,30.939484,4.060516357421875,11.601475306919642
SKU012,2025-11-09,31,29.42588,1.5741195678710938,5.07780505764869
SKU012,2025-11-10,24,21.876045,2.1239547729492188,8.849811553955078
SKU012,2025-11-11,30,22.984543,7.0154571533203125,23.384857177734375
SKU012,2025-11-12,23,22.898756,0.10124397277832031,0.440191185992697
SKU012,2025-11-13,6,19.638262,13.638261795043945,227.30436325073242
SKU012,2025-11-14,20,23.089836,3.0898361206054688,15.449180603027344
SKU012,2025-11-15,26,30.705107,4.705106735229492,18.09656436626728
SKU012,2025-11-16,34,30.330006,3.669994354248047,10.794101041906021
SKU012,2025-11-17,18,19.816618,1.8166179656982422,10.092322031656902
SKU012,2025-11-18,13,17.977955,4.977954864501953,38.29196049616887
SKU012,2025-11-19,13,17.5115,4.511499404907227,34.703841576209435
SKU012,2025-11-20,28,19.407345,8.592655181884766,30.68805422101702
SKU012,2025-11-21,14,17.05813,3.0581302642822266,21.843787602015905
SKU012,2025-11-22,33,30.140663,2.8593368530273438,8.66465713038589
SKU012,2025-11-23,36,28.40933,7.590669631958008,21.08519342210558
SKU012,2025-11-24,18,20.019531,2.01953125,11.219618055555555
SKU012,2025-11-25,20,20.479586,0.4795856475830078,2.397928237915039
SKU012,2025-11-26,23,21.726013,1.27398681640625,5.539073114809782
SKU012,2025-11-27,19,20.422964,1.422964096069336,7.4892847161544
SKU012,2025-11-28,25,21.719229,3.280771255493164,13.123085021972654
SKU012,2025-11-29,31,31.763735,0.7637348175048828,2.4636607016286542
SKU012,2025-11-30,25,30.258223,5.258222579956055,21.03289031982422
SKU012,2025-12-01,23,22.94828,0.05171966552734375,0.2248681109884511
SKU012,2025-12-02,23,22.450497,0.5495033264160156,2.3891448974609375
SKU012,2025-12-03,22,22.161718,0.16171836853027344,0.7350834933194247
SKU012,2025-12-04,24,22.834188,1.165811538696289,4.857548077901205
SKU012,2025-12-05,27,23.305939,3.694061279296875,13.681708441840279
SKU012,2025-12-06,22,25.759373,3.7593727111816406,17.088057778098367
SKU012,2025-12-07,26,25.692835,0.30716514587402344,1.1814044072077823
SKU012,2025-12-08,24,23.166851,0.8331489562988281,3.4714539845784507
SKU012,2025-12-09,20,21.143349,1.1433486938476562,5.716743469238281
SKU012,2025-12-10,17,22.034632,5.034631729125977,29.615480759564566
SKU012,2025-12-11,16,20.845297,4.845296859741211,30.28310537338257
SKU012,2025-12-12,13,19.605732,6.605731964111328,50.813322800856376
SKU012,2025-12-13,32,23.595999,8.404001235961914,26.26250386238098
SKU012,2025-12-14,33,25.32205,7.677949905395508,23.26651486483487
SKU012,2025-12-15,18,21.845934,3.8459339141845703,21.366299523247612
SKU012,2025-12-16,28,22.37226,5.627740859985352,20.099074499947683
SKU012,2025-12-17,18,20.353762,2.353761672973633,13.076453738742405
SKU012,2025-12-18,19,22.185474,3.185474395751953,16.76565471448396
SKU012,2025-12-19,29,23.38536,5.6146392822265625,19.36082511112608
SKU012,2025-12-20,32,26.530155,5.469844818115234,17.093265056610107
SKU012,2025-12-21,27,27.546022,0.5460224151611328,2.022305241337529
SKU012,2025-12-22,24,25.773878,1.7738780975341797,7.391158739725749
SKU012,2025-12-23,19,22.28045,3.2804508209228516,17.26553063643606
SKU012,2025-12-24,17,23.80921,6.809209823608398,40.05417543299058
SKU012,2025-12-25,28,25.176067,2.823932647705078,10.08547374180385
SKU012,2025-12-26,21,23.137897,2.137897491455078,10.180464245024181
SKU012,2025-12-27,16,22.797256,6.7972564697265625,42.482852935791016
SKU012,2025-12-28,25,25.850191,0.8501911163330078,3.4007644653320312
SKU012,2025-12-29,19,21.277958,2.2779579162597656,11.98925219084087
SKU012,2025-12-30,26,22.359241,3.640758514404297,14.00291736309345
SKU012,2025-12-31,26,23.303595,2.6964054107666016,10.370790041410007
SKU013,2025-11-02,19,14.019729,4.980271339416504,26.211954417981598
SKU013,2025-11-03,10,9.533946,0.46605396270751953,4.660539627075195
SKU013,2025-11-04,8,11.509775,3.509775161743164,43.87218952178955
SKU013,2025-11-05,11,11.447999,0.4479990005493164,4.072718186811968
SKU013,2025-11-06,13,11.723002,1.2769975662231445,9.823058201716496
SKU013,2025-11-07,13,11.542051,1.4579486846923828,11.2149898822491
SKU013,2025-11-08,15,16.050152,1.0501518249511719,7.0010121663411455
SKU013,2025-11-09,14,14.74307,0.7430696487426758,5.30764034816197
SKU013,2025-11-10,12,11.765554,0.23444557189941406,1.953713099161784
SKU013,2025-11-11,11,11.246139,0.2461385726928711,2.2376233881170102
SKU013,2025-11-12,14,12.018155,1.9818449020385742,14.156035014561244
SKU013,2025-11-13,15,12.020426,2.979574203491211,19.863828023274742
SKU013,2025-11-14,6,10.7696905,4.76969051361084,79.494841893514
SKU013,2025-11-15,18,17.0289,0.971099853515625,5.394999186197916
SKU013,2025-11-16,13,15.663351,2.663351058959961,20.487315838153545
SKU013,2025-11-17,12,11.140941,0.8590593338012695,7.158827781677246
SKU013,2025-11-18,8,10.391499,2.391498565673828,29.89373207092285
SKU013,2025-11-19,10,10.499721,0.49972057342529297,4.99720573425293
SKU013,2025-11-20,11,9.467611,1.532388687133789,13.93080624667081
SKU013,2025-11-21,11,10.061557,0.9384431838989258,8.531301671808416
SKU013,2025-11-22,18,14.902303,3.0976972579956055,17.209429211086697
SKU013,2025-11-23,10,13.202519,3.202519416809082,32.02519416809082
SKU013,2025-11-24,16,11.708242,4.291757583618164,26.823484897613525
SKU013,2025-11-25,15,10.381099,4.618901252746582,30.792675018310543
SKU013,2025-11-26,15,11.032601,3.9673986434936523,26.449324289957683
SKU013,2025-11-27,7,10.562161,3.562161445617676,50.88802065168109
SKU013,2025-11-28,6,11.7609625,5.76096248626709,96.01604143778482
SKU013,2025-11-29,14,15.061602,1.0616016387939453,7.5828688485281805
SKU013,2025-11-30,22,16.84783,5.152170181274414,23.418955369429153
SKU013,2025-12-01,5,11.127841,6.127840995788574,122.55681991577147
SKU013,2025-12-02,10,12.079412,2.0794124603271484,20.794124603271484
SKU013,2025-12-03,12,11.083426,0.9165735244750977,7.638112703959147
SKU013,2025-12-04,15,11.192622,3.807377815246582,25.382518768310547
SKU013,2025-12-05,14,11.974938,2.02506160736084,14.464725766863143
SKU013,2025-12-06,9,13.707069,4.707069396972656,52.30077107747396
SKU013,2025-12-07,13,13.451779,0.4517793655395508,3.475225888765775
SKU013,2025-12-08,8,11.021025,3.021024703979492,37.76280879974365
SKU013,2025-12-09,10,11.575679,1.575678825378418,15.75678825378418
SKU013,2025-12-10,21,13.11483,7.885169982910156,37.548428490048366
SKU013,2025-12-11,8,10.400737,2.4007368087768555,30.009210109710693
SKU013,2025-12-12,18,12.806951,5.193049430847168,28.8502746158176
SKU013,2025-12-13,21,14.906547,6.093453407287598,29.01644479660761
SKU013,2025-12-14,21,15.576729,5.423271179199219,25.825100853329612
SKU013,2025-12-15,14,15.104968,1.1049680709838867,7.892629078456334
SKU013,2025-12-16,14,16.533758,2.5337581634521484,18.098272596086776
SKU013,2025-12-17,16,15.698548,0.3014516830444336,1.88407301902771
SKU013,2025-12-18,9,15.174174,6.1741743087768555,68.60193676418729
SKU013,2025-12-19,13,15.441613,2.44161319732666,18.781639979435845
SKU013,2025-12-20,18,16.420727,1.5792732238769531,8.773740132649738
SKU013,2025-12-21,12,15.167795,3.167795181274414,26.398293177286785
SKU013,2025-12-22,12,14.086609,2.08660888671875,17.388407389322914
SKU013,2025-12-23,8,12.16645,4.166449546813965,52.08061933517456
SKU013,2025-12-24,8,11.214744,3.2147436141967773,40.18429517745972
SKU013,2025-12-25,7,11.3277235,4.327723503112793,61.8246214730399
SKU013,2025-12-26,7,11.221594,4.221593856811523,60.308483668736045
SKU013,2025-12-27,17,11.195849,5.804150581359863,34.14206224329332
SKU013,2025-12-28,12,10.0052595,1.9947404861450195,16.622837384541832
SKU013,2025-12-29,7,9.562892,2.562891960144043,36.61274228777204
SKU013,2025-12-30,9,10.247591,1.2475910186767578,13.862122429741753
SKU013,2025-12-31,11,10.235042,0.764958381652832,6.954167105934837
SKU014,2025-11-02,16,23.119232,7.119232177734375,44.495201110839844
SKU014,2025-11-03,13,16.43291,3.432910919189453,26.4070070706881
SKU014,2025-11-04,19,15.66337,3.336629867553711,17.561209829230055
SKU014,2025-11-05,11,14.3444805,3.344480514526367,30.404368313876066
SKU014,2025-11-06,13,14.887712,1.887711524963379,14.520857884333685
SKU014,2025-11-07,18,14.953406,3.04659366607666,16.925520367092556
SKU014,2025-11-08,18,20.15065,2.1506500244140625,11.948055691189236
SKU014,2025-11-09,25,22.527065,2.4729347229003906,9.891738891601562
SKU014,2025-11-10,16,15.226651,0.7733488082885742,4.833430051803589
SKU014,2025-11-11,17,15.540017,1.4599828720092773,8.588134541231044
SKU014,2025-11-12,13,15.662775,2.6627750396728516,20.482884920560394
SKU014,2025-11-13,21,16.791395,4.20860481262207,20.040975298200333
SKU014,2025-11-14,16,15.058252,0.9417476654052734,5.885922908782959
SKU014,2025-11-15,24,24.431688,0.4316883087158203,1.798701286315918
SKU014,2025-11-16,23,23.439144,0.4391441345214844,1.9093223240064536
SKU014,2025-11-17,25,18.034912,6.965087890625,27.860351562500004
SKU014,2025-11-18,11,16.327108,5.327108383178711,48.42825802889737
SKU014,2025-11-19,18,17.78668,0.2133197784423828,1.18510988023546
SKU014,2025-11-20,19,17.68014,1.3198604583740234,6.946633991442229
SKU014,2025-11-21,10,15.997465,5.997465133666992,59.97465133666993
SKU014,2025-11-22,29,23.722054,5.277946472167969,18.19981542126886
SKU014,2025-11-23,18,23.012712,5.012712478637695,27.84840265909831
SKU014,2025-11-24,14,16.262022,2.262022018432617,16.15730013166155
SKU014,2025-11-25,17,16.517206,0.48279380798339844,2.839963576372932
SKU014,2025-11-26,23,16.77753,6.222469329833984,27.054214477539062
SKU014,2025-11-27,18,14.710513,3.289486885070801,18.274927139282227
SKU014,2025-11-28,21,18.786028,2.2139720916748047,10.542724246070497
SKU014,2025-11-29,22,21.984974,0.015026092529296875,0.06830042058771306
SKU014,2025-11-30,36,26.409298,9.590702056884766,26.640839046902126
SKU014,2025-12-01,16,22.486296,6.486295700073242,40.539348125457764
SKU014,2025-12-02,20,22.433851,2.4338512420654297,12.169256210327148
SKU014,2025-12-03,11,20.26801,9.268009185791016,84.25462896173651
SKU014,2025-12-04,15,20.434925,5.434925079345703,36.23283386230469
SKU014,2025-12-05,23,21.122326,1.8776741027832031,8.163800446883492
SKU014,2025-12-06,20,22.649572,2.6495723724365234,13.247861862182617
SKU014,2025-12-07,19,19.25525,0.2552509307861328,1.3434259515059621
SKU014,2025-12-08,14,16.477371,2.4773712158203125,17.695508684430802
SKU014,2025-12-09,16,16.494955,0.49495506286621094,3.0934691429138184
SKU014,2025-12-10,15,17.372114,2.3721141815185547,15.81409454345703
SKU014,2025-12-11,24,18.229013,5.770986557006836,24.045777320861816
SKU014,2025-12-12,20,16.2746,3.725400924682617,18.627004623413086
SKU014,2025-12-13,21,19.323832,1.676168441772461,7.981754484630767
SKU014,2025-12-14,27,22.58534,4.41465950012207,16.350590741192853
SKU014,2025-12-15,26,21.043491,4.956508636474609,19.063494755671577
SKU014,2025-12-16,12,18.698677,6.698677062988281,55.82230885823568
SKU014,2025-12-17,9,19.463873,10.463872909545898,116.26525455050998
SKU014,2025-12-18,14,17.885635,3.8856353759765625,27.75453839983259
SKU014,2025-12-19,16,17.298746,1.298746109008789,8.117163181304932
SKU014,2025-12-20,23,19.946886,3.0531139373779297,13.274408423382303
SKU014,2025-12-21,16,16.877214,0.8772144317626953,5.482590198516846
SKU014,2025-12-22,22,16.466936,5.533063888549805,25.150290402499113
SKU014,2025-12-23,19,16.382706,2.6172943115234375,13.775233218544408
SKU014,2025-12-24,15,17.119991,2.1199913024902344,14.133275349934896
SKU014,2025-12-25,12,17.946564,5.946563720703125,49.554697672526046
SKU014,2025-12-26,16,16.913126,0.9131259918212891,5.707037448883057
SKU014,2025-12-27,20,18.629448,1.3705520629882812,6.852760314941405
SKU014,2025-12-28,18,19.714212,1.714212417602539,9.523402320014105
SKU014,2025-12-29,11,16.207792,5.207792282104492,47.34356620094993
SKU014,2025-12-30,18,17.158207,0.8417930603027344,4.676628112792969
SKU014,2025-12-31,22,17.85719,4.142810821533203,18.83095827969638
SKU015,2025-11-02,4,3.2569125,0.7430875301361084,18.57718825340271
SKU015,2025-11-03,0,2.564267,2.5642669200897217,
SKU015,2025-11-04,2,1.8976192,0.10238075256347656,5.119037628173828
SKU015,2025-11-05,0,1.6896201,1.6896201372146606,
SKU015,2025-11-06,2,1.8927319,0.10726809501647949,5.363404750823975
SKU015,2025-11-07,2,2.0907226,0.09072256088256836,4.536128044128418
SKU015,2025-11-08,4,2.3858936,1.6141064167022705,40.35266041755676
SKU015,2025-11-09,3,2.2868192,0.7131807804107666,23.772692680358887
SKU015,2025-11-10,1,1.8662461,0.8662461042404175,86.62461042404175
SKU015,2025-11-11,3,1.8422056,1.1577943563461304,38.593145211537674
SKU015,2025-11-12,4,2.4770024,1.5229976177215576,38.07494044303894
SKU015,2025-11-13,4,2.5894778,1.410522222518921,35.26305556297302
SKU015,2025-11-14,7,3.3481798,3.651820182800293,52.1688597542899
SKU015,2025-11-15,1,3.1756523,2.175652265548706,217.5652265548706
SKU015,2025-11-16,4,5.3435683,1.3435683250427246,33.589208126068115
SKU015,2025-11-17,8,4.1587644,3.841235637664795,48.01544547080994
SKU015,2025-11-18,3,3.0637465,0.06374645233154297,2.1248817443847656
SKU015,2025-11-19,2,3.6073701,1.607370138168335,80.36850690841675
SKU015,2025-11-20,3,3.5548062,0.5548062324523926,18.49354108174642
SKU015,2025-11-21,1,2.7379265,1.7379264831542969,173.7926483154297
SKU015,2025-11-22,4,5.629376,1.62937593460083,40.73439836502075
SKU015,2025-11-23,3,4.8745675,1.8745675086975098,62.48558362325033
SKU015,2025-11-24,1,2.3928635,1.3928635120391846,139.28635120391846
SKU015,2025-11-25,2,1.6035266,0.39647340774536133,19.823670387268066
SKU015,2025-11-26,4,2.1376634,1.8623366355895996,46.55841588973999
SKU015,2025-11-27,8,2.561368,5.438632011413574,67.98290014266968
SKU015,2025-11-28,2,2.255151,0.25515103340148926,12.757551670074463
SKU015,2025-11-29,9,5.242786,3.757214069366455,41.74682299296062
SKU015,2025-11-30,5,4.8253555,0.17464447021484375,3.492889404296875
SKU015,2025-12-01,2,4.629955,2.6299548149108887,131.49774074554443
SKU015,2025-12-02,2,4.6578016,2.657801628112793,132.89008140563965
SKU015,2025-12-03,5,4.757324,0.24267578125,4.853515625
SKU015,2025-12-04,3,3.911234,0.9112339019775391,30.3744633992513
SKU015,2025-12-05,5,4.725991,0.27400922775268555,5.480184555053711
SKU015,2025-12-06,2,3.3452497,1.3452496528625488,67.26248264312744
SKU015,2025-12-07,3,3.545641,0.5456409454345703,18.18803151448568
SKU015,2025-12-08,3,3.561619,0.5616190433502197,18.72063477834066
SKU015,2025-12-09,2,3.2057424,1.205742359161377,60.28711795806885
SKU015,2025-12-10,7,3.4750297,3.524970293045044,50.35671847207206
SKU015,2025-12-11,5,3.040389,1.959610939025879,39.19221878051758
SKU015,2025-12-12,4,3.3711903,0.6288096904754639,15.720242261886597
SKU015,2025-12-13,7,4.6886854,2.311314582824707,33.01877975463867
SKU015,2025-12-14,3,4.604689,1.604689121246338,53.48963737487793
SKU015,2025-12-15,3,4.802698,1.8026981353759766,60.08993784586588
SKU015,2025-12-16,1,4.1711087,3.1711087226867676,317.11087226867676
SKU015,2025-12-17,4,3.834606,0.16539406776428223,4.134851694107056
SKU015,2025-12-18,4,3.511806,0.48819398880004883,12.20484972000122
SKU015,2025-12-19,1,3.0781379,2.0781378746032715,207.81378746032715
SKU015,2025-12-20,7,3.607004,3.392996072769165,48.47137246813093
SKU015,2025-12-21,1,2.9468508,1.9468507766723633,194.68507766723633
SKU015,2025-12-22,2,3.181413,1.181412935256958,59.0706467628479
SKU015,2025-12-23,3,3.2456813,0.2456812858581543,8.189376195271809
SKU015,2025-12-24,4,3.3151975,0.6848025321960449,17.120063304901123
SKU015,2025-12-25,4,3.476384,0.5236160755157471,13.090401887893677
SKU015,2025-12-26,6,3.8869572,2.1130428314208984,35.21738052368164
SKU015,2025-12-27,3,3.1860054,0.1860053539276123,6.200178464253744
SKU015,2025-12-28,5,4.7426276,0.2573723793029785,5.14744758605957
SKU015,2025-12-29,2,3.5711908,1.5711908340454102,78.55954170227051
SKU015,2025-12-30,1,3.684022,2.6840219497680664,268.40219497680664
SKU015,2025-12-31,4,3.6374383,0.3625617027282715,9.064042568206787
SKU016,2025-11-02,25,20.579233,4.420766830444336,17.683067321777344
SKU016,2025-11-03,9,14.713522,5.713521957397461,63.48357730441623
SKU016,2025-11-04,10,15.127015,5.127015113830566,51.270151138305664
SKU016,2025-11-05,15,13.935974,1.06402587890625,7.093505859375
SKU016,2025-11-06,12,12.920929,0.920928955078125,7.674407958984375
SKU016,2025-11-07,10,12.816934,2.8169336318969727,28.16933631896973
SKU016,2025-11-08,17,18.677992,1.6779918670654297,9.870540394502529
SKU016,2025-11-09,19,16.7499,2.2500991821289062,11.842627274362664
SKU016,2025-11-10,9,11.520561,2.5205612182617188,28.006235758463543
SKU016,2025-11-11,11,12.8388815,1.838881492614746,16.71710447831587
SKU016,2025-11-12,14,11.999756,2.000244140625,14.287458147321427
SKU016,2025-11-13,13,11.776641,1.2233591079711914,9.410454676701473
SKU016,2025-11-14,12,12.199452,0.19945240020751953,1.6621033350626628
SKU016,2025-11-15,16,17.450865,1.4508647918701172,9.067904949188232
SKU016,2025-11-16,20,16.868917,3.131082534790039,15.655412673950195
SKU016,2025-11-17,7,11.065135,4.0651350021362305,58.07335717337472
SKU016,2025-11-18,11,12.352735,1.3527345657348633,12.29758696122603
SKU016,2025-11-19,10,10.660375,0.660374641418457,6.60374641418457
SKU016,2025-11-20,10,11.182917,1.1829166412353516,11.829166412353516
SKU016,2025-11-21,14,11.566277,2.4337234497070312,17.383738926478795
SKU016,2025-11-22,14,15.349519,1.3495187759399414,9.639419828142438
SKU016,2025-11-23,9,13.398007,4.398007392883301,48.86674880981445
SKU016,2025-11-24,10,10.242228,0.24222755432128906,2.4222755432128906
SKU016,2025-11-25,9,9.690241,0.6902408599853516,7.669342888726129
SKU016,2025-11-26,10,9.9714155,0.02858448028564453,0.2858448028564453
SKU016,2025-11-27,8,8.906685,0.9066848754882812,11.333560943603516
SKU016,2025-11-28,11,8.794184,2.2058162689208984,20.052875172008168
SKU016,2025-11-29,9,11.717387,2.7173871994018555,30.19319110446506
SKU016,2025-11-30,14,12.506197,1.4938030242919922,10.670021602085658
SKU016,2025-12-01,10,9.873526,0.12647438049316406,1.2647438049316406
SKU016,2025-12-02,8,9.933655,1.93365478515625,24.170684814453125
SKU016,2025-12-03,10,10.052368,0.0523681640625,0.523681640625
SKU016,2025-12-04,10,10.244181,0.24418067932128906,2.4418067932128906
SKU016,2025-12-05,12,10.432337,1.5676631927490234,13.063859939575195
SKU016,2025-12-06,12,11.86557,0.134429931640625,1.1202494303385415
SKU016,2025-12-07,15,12.489553,2.510446548461914,16.736310323079426
SKU016,2025-12-08,12,10.401991,1.5980091094970703,13.316742579142252
SKU016,2025-12-09,15,11.567438,3.4325618743896484,22.883745829264324
SKU016,2025-12-10,8,10.435918,2.435917854309082,30.448973178863525
SKU016,2025-12-11,8,11.559817,3.559817314147949,44.497716426849365
SKU016,2025-12-12,10,11.424788,1.424788475036621,14.247884750366211
SKU016,2025-12-13,14,13.218753,0.7812471389770508,5.580336706978934
SKU016,2025-12-14,11,12.10213,1.1021299362182617,10.019363056529652
SKU016,2025-12-15,6,10.421612,4.421611785888672,73.69352976481119
SKU016,2025-12-16,8,8.924222,0.9242219924926758,11.552774906158447
SKU016,2025-12-17,10,9.588245,0.4117546081542969,4.117546081542969
SKU016,2025-12-18,11,9.759167,1.2408332824707031,11.280302567915482
SKU016,2025-12-19,17,10.331351,6.668648719787598,39.22734541051528
SKU016,2025-12-20,11,11.463203,0.46320343017578125,4.210940274325284
SKU016,2025-12-21,11,11.715405,0.7154054641723633,6.503686037930575
SKU016,2025-12-22,16,12.0265465,3.9734535217285156,24.834084510803223
SKU016,2025-12-23,13,11.450177,1.5498228073120117,11.92171390240009
SKU016,2025-12-24,14,12.385081,1.6149187088012695,11.535133634294782
SKU016,2025-12-25,18,13.451906,4.548093795776367,25.267187754313152
SKU016,2025-12-26,14,12.323687,1.6763134002685547,11.97366714477539
SKU016,2025-12-27,13,15.308299,2.3082990646362305,17.756146651047928
SKU016,2025-12-28,16,16.464294,0.46429443359375,2.9018402099609375
SKU016,2025-12-29,10,14.751643,4.751643180847168,47.51643180847168
SKU016,2025-12-30,15,14.673844,0.3261556625366211,2.174371083577474
SKU016,2025-12-31,12,14.068144,2.068143844604492,17.234532038370766
SKU017,2025-11-02,12,15.320952,3.3209524154663086,27.67460346221924
SKU017,2025-11-03,12,10.898631,1.1013689041137695,9.178074200948078
SKU017,2025-11-04,13,10.367635,2.6323652267456055,20.2489632826585
SKU017,2025-11-05,15,10.976057,4.023942947387695,26.82628631591797
SKU017,2025-11-06,12,10.429273,1.5707273483276367,13.089394569396973
SKU017,2025-11-07,14,11.328327,2.671672821044922,19.083377293178014
SKU017,2025-11-08,20,17.74316,2.2568397521972656,11.284198760986328
SKU017,2025-11-09,17,17.935896,0.9358959197998047,5.505270116469439
SKU017,2025-11-10,12,14.2927475,2.2927474975585938,19.106229146321617
SKU017,2025-11-11,11,13.551777,2.551776885986328,23.1979716907848
SKU017,2025-11-12,8,12.687843,4.687843322753906,58.59804153442383
SKU017,2025-11-13,7,12.211321,5.211320877075195,74.44744110107422
SKU017,2025-11-14,16,12.888242,3.111758232116699,19.44848895072937
SKU017,2025-11-15,14,14.181723,0.18172264099121094,1.2980188642229353
SKU017,2025-11-16,20,15.814544,4.185456275939941,20.927281379699707
SKU017,2025-11-17,12,10.38822,1.6117801666259766,13.431501388549805
SKU017,2025-11-18,10,10.552037,0.552037239074707,5.52037239074707
SKU017,2025-11-19,8,11.499795,3.4997949600219727,43.74743700027466
SKU017,2025-11-20,11,12.061823,1.0618228912353516,9.652935374866832
SKU017,2025-11-21,10,10.19651,0.19651031494140625,1.9651031494140623
SKU017,2025-11-22,20,17.46162,2.538379669189453,12.691898345947267
SKU017,2025-11-23,16,14.5178,1.4821996688842773,9.263747930526733
SKU017,2025-11-24,11,10.734168,0.26583194732666016,2.4166540666060015
SKU017,2025-11-25,7,10.269833,3.2698326110839844,46.71189444405692
SKU017,2025-11-26,9,11.269945,2.2699451446533203,25.221612718370224
SKU017,2025-11-27,17,11.742534,5.2574663162231445,30.92627244837144
SKU017,2025-11-28,11,10.642036,0.35796356201171875,3.2542142001065337
SKU017,2025-11-29,19,16.232754,2.7672462463378906,14.564453928094162
SKU017,2025-11-30,16,15.490107,0.5098934173583984,3.1868338584899902
SKU017,2025-12-01,18,13.282582,4.7174177169799805,26.207876205444336
SKU017,2025-12-02,16,13.2776575,2.7223424911499023,17.01464056968689
SKU017,2025-12-03,12,14.715789,2.7157888412475586,22.63157367706299
SKU017,2025-12-04,19,15.3957405,3.604259490966797,18.969786794562086
SKU017,2025-12-05,14,14.394097,0.39409732818603516,2.814980915614537
SKU017,2025-12-06,16,17.222279,1.2222785949707031,7.6392412185668945
SKU017,2025-12-07,10,16.40594,6.405939102172852,64.05939102172852
SKU017,2025-12-08,23,16.69693,6.303070068359375,27.404652471127715
SKU017,2025-12-09,11,13.330608,2.330608367919922,21.18734879927202
SKU017,2025-12-10,8,14.526477,6.526476860046387,81.58096075057983
SKU017,2025-12-11,11,13.645603,2.6456031799316406,24.05093799937855
SKU017,2025-12-12,16,13.64255,2.357449531555176,14.734059572219849
SKU017,2025-12-13,11,13.375544,2.3755435943603516,21.59585085782138
SKU017,2025-12-14,16,16.077707,0.07770729064941406,0.4856705665588379
SKU017,2025-12-15,6,10.837545,4.837545394897461,80.62575658162436
SKU017,2025-12-16,10,11.2742605,1.2742605209350586,12.742605209350586
SKU017,2025-12-17,14,12.095146,1.9048538208007812,13.60609872000558
SKU017,2025-12-18,11,11.2045555,0.20455551147460938,1.8595955588600852
SKU017,2025-12-19,9,10.394008,1.394007682800293,15.488974253336588
SKU017,2025-12-20,14,13.167335,0.8326654434204102,5.9476103101457864
SKU017,2025-12-21,17,12.675045,4.324954986572266,25.440911685719207
SKU017,2025-12-22,15,11.523932,3.476067543029785,23.173783620198567
SKU017,2025-12-23,10,11.889565,1.8895654678344727,18.895654678344727
SKU017,2025-12-24,11,13.020708,2.0207080841064453,18.370073491876777
SKU017,2025-12-25,14,13.156795,0.843205451965332,6.022896085466657
SKU017,2025-12-26,14,12.979516,1.0204839706420898,7.28917121887207
SKU017,2025-12-27,13,15.48617,2.4861698150634766,19.124383192795975
SKU017,2025-12-28,21,16.050919,4.9490814208984375,23.567054385230655
SKU017,2025-12-29,16,13.289794,2.7102060317993164,16.938787698745728
SKU017,2025-12-30,15,13.814749,1.185251235961914,7.901674906412761
SKU017,2025-12-31,6,12.920587,6.920586585998535,115.34310976664226
SKU018,2025-11-02,37,30.998266,6.001733779907227,16.22090210785737
SKU018,2025-11-03,16,21.517021,5.517021179199219,34.48138236999512
SKU018,2025-11-04,24,22.235703,1.7642974853515625,7.351239522298177
SKU018,2025-11-05,19,22.115728,3.1157283782958984,16.398570412083675
SKU018,2025-11-06,20,22.084581,2.0845813751220703,10.422906875610352
SKU018,2025-11-07,22,22.348274,0.34827423095703125,1.583064686168324
SKU018,2025-11-08,21,28.435125,7.435125350952148,35.405358814057855
SKU018,2025-11-09,35,29.549828,5.450172424316406,15.57192121233259
SKU018,2025-11-10,17,20.399628,3.399627685546875,19.99780991498162
SKU018,2025-11-11,24,20.1619,3.8381004333496094,15.992085138956705
SKU018,2025-11-12,22,20.453552,1.54644775390625,7.029307972301137
SKU018,2025-11-13,17,19.175499,2.1754989624023438,12.797052720013788
SKU018,2025-11-14,13,19.46932,6.469320297241211,49.764002286470856
SKU018,2025-11-15,19,27.195984,8.19598388671875,43.13675729851973
SKU018,2025-11-16,30,27.44801,2.551990509033203,8.506635030110678
SKU018,2025-11-17,20,18.815325,1.1846752166748047,5.923376083374023
SKU018,2025-11-18,21,18.22057,2.779430389404297,13.235382806687129
SKU018,2025-11-19,16,17.7828,1.7828006744384766,11.142504215240479
SKU018,2025-11-20,25,18.518467,6.481533050537109,25.926132202148438
SKU018,2025-11-21,18,18.750051,0.7500514984130859,4.166952768961588
SKU018,2025-11-22,27,26.921259,0.07874107360839844,0.29163360595703125
SKU018,2025-11-23,23,26.175045,3.1750450134277344,13.804543536642324
SKU018,2025-11-24,18,19.98401,1.9840106964111328,11.022281646728516
SKU018,2025-11-25,18,19.193293,1.1932926177978516,6.629403432210286
SKU018,2025-11-26,26,19.954763,6.045236587524414,23.250909952016976
SKU018,2025-11-27,19,18.330114,0.6698856353759766,3.525713870399877
SKU018,2025-11-28,26,19.927254,6.072746276855469,23.35671644944411
SKU018,2025-11-29,19,25.080488,6.080488204956055,32.002569499768704
SKU018,2025-11-30,26,29.935587,3.935586929321289,15.13687280508188
SKU018,2025-12-01,29,23.4722,5.527799606323242,19.061377952838765
SKU018,2025-12-02,22,23.19629,1.1962890625,5.437677556818182
SKU018,2025-12-03,20,21.691557,1.6915569305419922,8.457784652709961
SKU018,2025-12-04,22,22.027782,0.027782440185546875,0.12628381902521307
SKU018,2025-12-05,13,20.606825,7.60682487487793,58.514037499061
SKU018,2025-12-06,22,23.274881,1.274881362915039,5.79491528597745
SKU018,2025-12-07,30,24.61269,5.387310028076172,17.95770009358724
SKU018,2025-12-08,18,19.925854,1.9258537292480469,10.69918738471137
SKU018,2025-12-09,22,20.448608,1.5513916015625,7.0517800071022725
SKU018,2025-12-10,27,21.163097,5.836902618408203,21.618157845956308
SKU018,2025-12-11,27,21.934887,5.065113067626953,18.759678028247976
SKU018,2025-12-12,27,23.818853,3.1811466217041016,11.782024524830005
SKU018,2025-12-13,23,27.483213,4.483213424682617,19.49223228122877
SKU018,2025-12-14,18,25.226963,7.226963043212891,40.14979468451606
SKU018,2025-12-15,20,24.199951,4.199951171875,20.999755859375
SKU018,2025-12-16,30,24.06353,5.936470031738281,19.788233439127602
SKU018,2025-12-17,21,22.064816,1.0648155212402344,5.070550101143973
SKU018,2025-12-18,24,21.340656,2.659343719482422,11.080598831176758
SKU018,2025-12-19,19,20.740421,1.7404212951660156,9.160112079821134
SKU018,2025-12-20,24,23.006819,0.9931812286376953,4.1382551193237305
SKU018,2025-12-21,22,25.303232,3.303232192993164,15.014691786332564
SKU018,2025-12-22,26,24.893913,1.1060867309570312,4.254179734450121
SKU018,2025-12-23,28,20.477869,7.522130966186523,26.864753450666157
SKU018,2025-12-24,19,22.85109,3.8510894775390625,20.268891987047695
SKU018,2025-12-25,21,21.842556,0.8425559997558594,4.012171427408854
SKU018,2025-12-26,19,22.908998,3.908998489379883,20.573676259894118
SKU018,2025-12-27,20,22.890703,2.8907032012939453,14.453516006469727
SKU018,2025-12-28,28,24.578331,3.4216690063476562,12.22024645124163
SKU018,2025-12-29,21,21.38795,0.3879508972167969,1.8473852248418898
SKU018,2025-12-30,11,22.106441,11.106441497802734,100.96764998002486
SKU018,2025-12-31,26,22.225344,3.774656295776367,14.517908829909103
SKU019,2025-11-02,19,18.151354,0.8486461639404297,4.466558757581209
SKU019,2025-11-03,16,12.310757,3.6892433166503906,23.05777072906494
SKU019,2025-11-04,22,14.147137,7.852863311767578,35.69483323530717
SKU019,2025-11-05,14,12.820811,1.1791887283325195,8.422776630946569
SKU019,2025-11-06,6,13.578303,7.578303337097168,126.30505561828613
SKU019,2025-11-07,10,13.99329,3.9932899475097656,39.932899475097656
SKU019,2025-11-08,17,20.071733,3.0717334747314453,18.069020439596738
SKU019,2025-11-09,18,19.5839,1.5839004516601562,8.799446953667536
SKU019,2025-11-10,10,11.809387,1.80938720703125,18.0938720703125
SKU019,2025-11-11,15,12.212745,2.78725528717041,18.581701914469402
SKU019,2025-11-12,18,11.792461,6.207538604736328,34.486325581868485
SKU019,2025-11-13,14,12.677811,1.3221893310546875,9.444209507533483
SKU019,2025-11-14,14,13.703228,0.2967720031738281,2.119800022670201
SKU019,2025-11-15,21,20.621542,0.37845802307128906,1.8021810622442336
SKU019,2025-11-16,20,19.85479,0.14521026611328125,0.7260513305664062
SKU019,2025-11-17,14,14.738251,0.738250732421875,5.273219517299107
SKU019,2025-11-18,10,14.2445345,4.244534492492676,42.44534492492676
SKU019,2025-11-19,13,13.403585,0.40358543395996094,3.1045033381535454
SKU019,2025-11-20,16,13.986448,2.013551712036133,12.58469820022583
SKU019,2025-11-21,18,14.478241,3.521759033203125,19.565327962239586
SKU019,2025-11-22,20,19.928429,0.07157135009765625,0.35785675048828125
SKU019,2025-11-23,19,19.887571,0.8875713348388672,4.671428078099301
SKU019,2025-11-24,17,14.014992,2.9850082397460938,17.558871998506433
SKU019,2025-11-25,9,14.443126,5.4431257247924805,60.47917471991645
SKU019,2025-11-26,9,14.52825,5.528249740600586,61.42499711778429
SKU019,2025-11-27,12,13.37866,1.3786602020263672,11.488835016886394
SKU019,2025-11-28,9,11.6034565,2.603456497192383,28.9272944132487
SKU019,2025-11-29,16,17.691748,1.6917476654052734,10.573422908782959
SKU019,2025-11-30,16,15.866594,0.1334056854248047,0.8337855339050293
SKU019,2025-12-01,13,11.743261,1.2567386627197266,9.667220482459435
SKU019,2025-12-02,9,11.644483,2.6444826126098633,29.383140140109592
SKU019,2025-12-03,21,13.992756,7.007244110107422,33.36782909574963
SKU019,2025-12-04,10,12.376015,2.3760147094726562,23.760147094726562
SKU019,2025-12-05,19,14.588469,4.411531448364258,23.2185865703382
SKU019,2025-12-06,12,14.403237,2.4032373428344727,20.02697785695394
SKU019,2025-12-07,19,16.876532,2.1234683990478516,11.176149468672902
SKU019,2025-12-08,8,13.4969635,5.4969635009765625,68.71204376220703
SKU019,2025-12-09,10,14.206914,4.206913948059082,42.06913948059082
SKU019,2025-12-10,14,13.478448,0.5215520858764648,3.725372041974749
SKU019,2025-12-11,20,13.846878,6.1531219482421875,30.765609741210938
SKU019,2025-12-12,17,12.672966,4.327033996582031,25.45314115636489
SKU019,2025-12-13,9,14.6221895,5.622189521789551,62.46877246432834
SKU019,2025-12-14,18,15.979409,2.0205907821655273,11.22550434536404
SKU019,2025-12-15,16,14.438117,1.5618829727172852,9.761768579483032
SKU019,2025-12-16,17,14.952106,2.047893524169922,12.046432495117188
SKU019,2025-12-17,15,14.934778,0.06522178649902344,0.43481190999348956
SKU019,2025-12-18,14,14.2988615,0.2988615036010742,2.1347250257219588
SKU019,2025-12-19,15,14.2711735,0.7288265228271484,4.858843485514322
SKU019,2025-12-20,17,17.242653,0.24265289306640625,1.4273699592141544
SKU019,2025-12-21,13,16.554708,3.554708480834961,27.343911391038162
SKU019,2025-12-22,13,15.265326,2.2653255462646484,17.42558112511268
SKU019,2025-12-23,21,15.366796,5.633204460144043,26.824783143543062
SKU019,2025-12-24,12,13.47498,1.474980354309082,12.291502952575684
SKU019,2025-12-25,13,14.2272215,1.2272214889526367,9.440165299635666
SKU019,2025-12-26,16,14.471092,1.5289077758789062,9.555673599243164
SKU019,2025-12-27,11,15.23503,4.235030174255371,38.50027431141246
SKU019,2025-12-28,18,17.421848,0.5781517028808594,3.2119539048936634
SKU019,2025-12-29,17,16.145927,0.8540725708007812,5.023956298828125
SKU019,2025-12-30,9,13.687391,4.68739128112793,52.08212534586588
SKU019,2025-12-31,14,15.424803,1.4248027801513672,10.177162715366908
SKU020,2025-11-02,17,18.290442,1.2904415130615234,7.590832429773667
SKU020,2025-11-03,8,11.689025,3.6890249252319336,46.11281156539917
SKU020,2025-11-04,5,12.156049,7.156048774719238,143.12097549438477
SKU020,2025-11-05,8,11.809777,3.80977725982666,47.62221574783325
SKU020,2025-11-06,15,12.058336,2.9416637420654297,19.61109161376953
SKU020,2025-11-07,10,10.4370985,0.43709850311279297,4.37098503112793
SKU020,2025-11-08,16,14.765098,1.2349023818969727,7.718139886856079
SKU020,2025-11-09,16,13.872837,2.1271629333496094,13.294768333435059
SKU020,2025-11-10,13,10.774427,2.2255725860595703,17.119789123535156
SKU020,2025-11-11,12,11.40906,0.5909404754638672,4.924503962198893
SKU020,2025-11-12,15,12.088039,2.9119606018066406,19.413070678710938
SKU020,2025-11-13,11,11.200102,0.2001018524169922,1.8191077492453835
SKU020,2025-11-14,7,11.958749,4.958748817443848,70.8392688206264
SKU020,2025-11-15,18,18.603521,0.6035213470458984,3.3528963724772134
SKU020,2025-11-16,16,16.701984,0.7019844055175781,4.387402534484863
SKU020,2025-11-17,13,11.453782,1.546217918395996,11.893983987661509
SKU020,2025-11-18,12,10.882291,1.1177091598510742,9.314242998758953
SKU020,2025-11-19,9,10.313997,1.3139972686767578,14.599969651963976
SKU020,2025-11-20,9,10.963589,1.9635887145996094,21.817652384440102
SKU020,2025-11-21,8,11.248209,3.248208999633789,40.60261249542236
SKU020,2025-11-22,9,14.358452,5.358451843261719,59.538353814019096
SKU020,2025-11-23,21,15.796225,5.203775405883789,24.7798828851609
SKU020,2025-11-24,12,9.260809,2.7391910552978516,22.826592127482094
SKU020,2025-11-25,15,9.982561,5.017438888549805,33.44959259033203
SKU020,2025-11-26,15,10.130351,4.8696489334106445,32.46432622273763
SKU020,2025-11-27,14,11.01307,2.9869298934936523,21.33521352495466
SKU020,2025-11-28,5,10.938719,5.938718795776367,118.77437591552736
SKU020,2025-11-29,19,18.635588,0.3644123077392578,1.9179595144171464
SKU020,2025-11-30,17,16.871088,0.12891197204589844,0.7583057179170496
SKU020,2025-12-01,10,13.399237,3.3992366790771484,33.992366790771484
SKU020,2025-12-02,12,13.655662,1.6556615829467773,13.79717985788981
SKU020,2025-12-03,17,13.145167,3.854832649230957,22.675486171946808
SKU020,2025-12-04,15,12.501854,2.4981460571289062,16.654307047526043
SKU020,2025-12-05,10,12.987293,2.987293243408203,29.872932434082035
SKU020,2025-12-06,12,14.838144,2.838144302368164,23.651202519734703
SKU020,2025-12-07,9,13.726611,4.726611137390137,52.517901526557075
SKU020,2025-12-08,13,13.426514,0.426513671875,3.2808743990384617
SKU020,2025-12-09,12,11.919638,0.08036231994628906,0.6696859995524089
SKU020,2025-12-10,6,10.509193,4.509193420410156,75.1532236735026
SKU020,2025-12-11,13,10.780484,2.219515800476074,17.07319846520057
SKU020,2025-12-12,11,10.330553,0.6694469451904297,6.085881319912997
SKU020,2025-12-13,14,12.6651945,1.3348054885864258,9.53432491847447
SKU020,2025-12-14,13,12.564353,0.43564701080322266,3.351130852332482
SKU020,2025-12-15,10,11.327426,1.3274259567260742,13.274259567260744
SKU020,2025-12-16,3,9.773858,6.773858070373535,225.79526901245117
SKU020,2025-12-17,14,11.938126,2.0618743896484375,14.727674211774552
SKU020,2025-12-18,6,9.745517,3.745516777038574,62.42527961730957
SKU020,2025-12-19,13,10.858141,2.1418590545654297,16.475838881272537
SKU020,2025-12-20,14,11.431397,2.5686025619506836,18.347161156790598
SKU020,2025-12-21,14,11.998175,2.0018253326416016,14.29875237601144
SKU020,2025-12-22,14,10.993498,3.006502151489258,21.47501536778041
SKU020,2025-12-23,17,12.353601,4.646398544311523,27.331756143008963
SKU020,2025-12-24,12,11.702801,0.2971992492675781,2.4766604105631513
SKU020,2025-12-25,14,13.832822,0.16717815399169922,1.1941296713692802
SKU020,2025-12-26,18,14.413247,3.5867528915405273,19.92640495300293
SKU020,2025-12-27,13,15.471728,2.4717283248901367,19.013294806847206
SKU020,2025-12-28,11,15.790303,4.7903032302856445,43.548211184414946
SKU020,2025-12-29,15,14.800237,0.19976329803466797,1.3317553202311199
SKU020,2025-12-30,11,12.841386,1.841385841369629,16.739871285178445
SKU020,2025-12-31,17,13.873897,3.126103401184082,18.388843536376953
SKU021,2025-11-02,10,10.3118105,0.3118104934692383,3.118104934692383
SKU021,2025-11-03,2,7.5597916,5.559791564941406,277.9895782470703
SKU021,2025-11-04,4,7.72205,3.722050189971924,93.0512547492981
SKU021,2025-11-05,4,6.8177037,2.8177037239074707,70.44259309768677
SKU021,2025-11-06,10,7.2258162,2.774183750152588,27.74183750152588
SKU021,2025-11-07,10,7.1199684,2.8800315856933594,28.800315856933594
SKU021,2025-11-08,9,7.865077,1.134922981262207,12.610255347357857
SKU021,2025-11-09,7,7.397928,0.39792823791503906,5.684689113071987
SKU021,2025-11-10,6,7.0597496,1.0597496032714844,17.66249338785807
SKU021,2025-11-11,7,7.0264864,0.02648639678955078,0.3783770969935826
SKU021,2025-11-12,4,6.7872863,2.7872862815856934,69.68215703964233
SKU021,2025-11-13,7,6.9980235,0.001976490020751953,0.0282355717250279
SKU021,2025-11-14,8,6.293291,1.7067089080810547,21.333861351013184
SKU021,2025-11-15,10,8.522671,1.4773292541503906,14.773292541503908
SKU021,2025-11-16,3,7.038619,4.038619041442871,134.6206347147624
SKU021,2025-11-17,7,6.3302393,0.6697607040405273,9.56801005772182
SKU021,2025-11-18,7,5.515956,1.484044075012207,21.20062964303153
SKU021,2025-11-19,9,6.2386494,2.761350631713867,30.681673685709637
SKU021,2025-11-20,6,5.838897,0.1611027717590332,2.6850461959838867
SKU021,2025-11-21,3,5.876532,2.8765320777893066,95.8844025929769
SKU021,2025-11-22,3,6.897326,3.8973259925842285,129.9108664194743
SKU021,2025-11-23,8,7.907246,0.09275388717651367,1.159423589706421
SKU021,2025-11-24,8,5.408245,2.591754913330078,32.39693641662598
SKU021,2025-11-25,9,5.4391117,3.5608882904052734,39.56542544894749
SKU021,2025-11-26,9,5.2681136,3.731886386871338,41.46540429857042
SKU021,2025-11-27,2,4.771043,2.771042823791504,138.5521411895752
SKU021,2025-11-28,4,5.0961585,1.096158504486084,27.4039626121521
SKU021,2025-11-29,10,8.599731,1.4002685546875,14.002685546874998
SKU021,2025-11-30,5,7.384329,2.384328842163086,47.68657684326172
SKU021,2025-12-01,5,6.8151784,1.815178394317627,36.30356788635254
SKU021,2025-12-02,6,5.993287,0.006712913513183594,0.11188189188639323
SKU021,2025-12-03,10,6.0075703,3.992429733276367,39.92429733276367
SKU021,2025-12-04,9,6.5342364,2.465763568878174,27.397372987535263
SKU021,2025-12-05,8,7.014383,0.9856171607971191,12.32021450996399
SKU021,2025-12-06,6,8.004846,2.00484561920166,33.41409365336101
SKU021,2025-12-07,8,8.410161,0.41016101837158203,5.127012729644775
SKU021,2025-12-08,11,8.389115,2.610884666442871,23.735315149480645
SKU021,2025-12-09,5,7.476539,2.476539134979248,49.53078269958496
SKU021,2025-12-10,7,7.8589015,0.8589015007019043,12.270021438598633
SKU021,2025-12-11,9,7.661349,1.338651180267334,14.873902002970377
SKU021,2025-12-12,5,6.6171904,1.6171903610229492,32.343807220458984
SKU021,2025-12-13,10,8.99382,1.0061798095703125,10.061798095703125
SKU021,2025-12-14,12,9.172499,2.8275012969970703,23.56251080830892
SKU021,2025-12-15,5,7.096889,2.096889019012451,41.93778038024902
SKU021,2025-12-16,9,8.428685,0.571314811706543,6.347942352294922
SKU021,2025-12-17,5,7.4364734,2.4364733695983887,48.72946739196777
SKU021,2025-12-18,5,7.4113913,2.411391258239746,48.22782516479492
SKU021,2025-12-19,8,7.9013424,0.09865760803222656,1.233220100402832
SKU021,2025-12-20,4,7.180295,3.180294990539551,79.50737476348877
SKU021,2025-12-21,11,7.79568,3.204319953918457,29.1301813992587
SKU021,2025-12-22,3,6.4367156,3.436715602874756,114.55718676249187
SKU021,2025-12-23,8,5.9883733,2.011626720428467,25.145334005355835
SKU021,2025-12-24,10,6.9153934,3.084606647491455,30.84606647491455
SKU021,2025-12-25,4,6.594892,2.5948920249938965,64.87230062484741
SKU021,2025-12-26,8,7.3967304,0.6032695770263672,7.54086971282959
SKU021,2025-12-27,6,7.9853745,1.9853744506835938,33.08957417805989
SKU021,2025-12-28,11,8.718377,2.281622886657715,20.742026242342863
SKU021,2025-12-29,5,6.38031,1.38031005859375,27.606201171875
SKU021,2025-12-30,8,7.824447,0.1755528450012207,2.194410562515259
SKU021,2025-12-31,6,6.6793466,0.6793465614318848,11.322442690531414
SKU022,2025-11-02,7,12.214396,5.2143964767456055,74.49137823922294
SKU022,2025-11-03,7,8.193156,1.1931562423706055,17.045089176722936
SKU022,2025-11-04,7,7.6917753,0.6917753219604492,9.88250459943499
SKU022,2025-11-05,8,8.094653,0.09465312957763672,1.183164119720459
SKU022,2025-11-06,5,7.4373684,2.437368392944336,48.74736785888672
SKU022,2025-11-07,5,7.17976,2.179759979248047,43.59519958496094
SKU022,2025-11-08,6,6.983538,0.9835381507873535,16.39230251312256
SKU022,2025-11-09,6,7.445218,1.4452180862426758,24.086968104044594
SKU022,2025-11-10,5,5.8598394,0.8598394393920898,17.196788787841797
SKU022,2025-11-11,13,6.4514036,6.548596382141113,50.373818324162414
SKU022,2025-11-12,7,5.5617404,1.4382596015930176,20.546565737043107
SKU022,2025-11-13,5,6.055516,1.0555157661437988,21.110315322875977
SKU022,2025-11-14,17,7.920116,9.079884052276611,53.41108266045066
SKU022,2025-11-15,16,12.125056,3.874943733215332,24.218398332595825
SKU022,2025-11-16,15,13.842203,1.157796859741211,7.718645731608073
SKU022,2025-11-17,5,9.113618,4.113617897033691,82.27235794067383
SKU022,2025-11-18,4,9.262174,5.262173652648926,131.55434131622314
SKU022,2025-11-19,8,9.347736,1.3477363586425781,16.846704483032227
SKU022,2025-11-20,8,8.993042,0.9930419921875,12.41302490234375
SKU022,2025-11-21,6,7.709139,1.7091388702392578,28.485647837320965
SKU022,2025-11-22,13,10.416858,2.5831422805786133,19.8703252352201
SKU022,2025-11-23,9,8.564476,0.43552398681640625,4.83915540907118
SKU022,2025-11-24,10,7.2606206,2.739379405975342,27.393794059753418
SKU022,2025-11-25,7,7.3758693,0.3758692741394043,5.369561059134347
SKU022,2025-11-26,7,7.4055467,0.4055466651916504,5.793523788452148
SKU022,2025-11-27,7,7.304602,0.30460214614868164,4.351459230695452
SKU022,2025-11-28,7,7.3453064,0.345306396484375,4.932948521205357
SKU022,2025-11-29,11,10.787252,0.21274757385253906,1.9340688532049006
SKU022,2025-11-30,20,12.703211,7.296789169311523,36.48394584655762
SKU022,2025-12-01,7,8.637489,1.6374893188476562,23.392704554966517
SKU022,2025-12-02,6,9.150287,3.1502866744995117,52.504777908325195
SKU022,2025-12-03,12,10.087274,1.9127264022827148,15.939386685689291
SKU022,2025-12-04,16,10.979046,5.020954132080078,31.38096332550049
SKU022,2025-12-05,5,10.18445,5.184450149536133,103.68900299072266
SKU022,2025-12-06,11,12.9869995,1.98699951171875,18.06363192471591
SKU022,2025-12-07,13,11.915083,1.0849170684814453,8.345515911395733
SKU022,2025-12-08,12,10.36916,1.6308403015136719,13.590335845947266
SKU022,2025-12-09,8,10.424331,2.424330711364746,30.304133892059326
SKU022,2025-12-10,7,10.528996,3.528996467590332,50.414235251290464
SKU022,2025-12-11,6,9.027853,3.027853012084961,50.46421686808268
SKU022,2025-12-12,6,9.177372,3.1773719787597656,52.956199645996094
SKU022,2025-12-13,15,10.587202,4.412797927856445,29.418652852376304
SKU022,2025-12-14,6,8.412368,2.412367820739746,40.20613034566243
SKU022,2025-12-15,12,8.863973,3.1360273361206055,26.13356113433838
SKU022,2025-12-16,11,8.70611,2.2938899993896484,20.853545448996805
SKU022,2025-12-17,6,8.479869,2.4798688888549805,41.33114814758301
SKU022,2025-12-18,5,8.589452,3.589451789855957,71.78903579711914
SKU022,2025-12-19,12,10.217625,1.7823753356933594,14.853127797444662
SKU022,2025-12-20,5,8.814461,3.8144607543945312,76.28921508789062
SKU022,2025-12-21,11,10.324467,0.6755332946777344,6.141211769797585
SKU022,2025-12-22,7,8.247952,1.2479524612426758,17.827892303466797
SKU022,2025-12-23,13,8.887292,4.11270809173584,31.636216090275692
SKU022,2025-12-24,15,9.714761,5.285239219665527,35.234928131103516
SKU022,2025-12-25,11,9.941784,1.0582160949707031,9.620146317915482
SKU022,2025-12-26,10,10.36534,0.3653402328491211,3.6534023284912105
SKU022,2025-12-27,17,13.576657,3.423342704772949,20.137310028076172
SKU022,2025-12-28,11,12.985524,1.9855241775512695,18.050219795920633
SKU022,2025-12-29,1,10.116653,9.116653442382812,911.6653442382812
SKU022,2025-12-30,7,11.291752,4.291751861572266,61.3107408796038
SKU022,2025-12-31,9,9.528244,0.5282440185546875,5.869377983940972
SKU023,2025-11-02,17,15.361098,1.638901710510254,9.64059829711914
SKU023,2025-11-03,12,11.087371,0.9126291275024414,7.605242729187012
SKU023,2025-11-04,13,11.121256,1.878744125366211,14.45187788743239
SKU023,2025-11-05,15,11.949332,3.0506677627563477,20.337785085042317
SKU023,2025-11-06,13,12.353819,0.6461811065673828,4.970623896672175
SKU023,2025-11-07,6,11.60805,5.608050346374512,93.46750577290854
SKU023,2025-11-08,20,17.577957,2.4220428466796875,12.110214233398438
SKU023,2025-11-09,12,16.394787,4.394786834716797,36.62322362263997
SKU023,2025-11-10,13,12.339457,0.6605434417724609,5.0811033982497
SKU023,2025-11-11,10,11.271743,1.271742820739746,12.717428207397461
SKU023,2025-11-12,11,11.449256,0.44925594329833984,4.084144939075817
SKU023,2025-11-13,13,11.033273,1.9667272567749023,15.128671205960787
SKU023,2025-11-14,14,11.667913,2.3320865631103516,16.65776116507394
SKU023,2025-11-15,17,15.939795,1.0602054595947266,6.236502703498392
SKU023,2025-11-16,10,16.350372,6.350372314453125,63.50372314453126
SKU023,2025-11-17,9,11.501565,2.5015649795532227,27.79516643948025
SKU023,2025-11-18,13,11.562409,1.4375905990600586,11.058389223538914
SKU023,2025-11-19,9,10.138922,1.1389217376708984,12.654685974121094
SKU023,2025-11-20,10,10.902949,0.902949333190918,9.02949333190918
SKU023,2025-11-21,10,9.759269,0.24073123931884766,2.4073123931884766
SKU023,2025-11-22,17,15.194312,1.8056879043579102,10.62169355504653
SKU023,2025-11-23,20,16.4629,3.537099838256836,17.68549919128418
SKU023,2025-11-24,7,10.11773,3.117730140686035,44.539002009800505
SKU023,2025-11-25,22,12.508458,9.491541862487793,43.14337210221724
SKU023,2025-11-26,6,10.902868,4.902868270874023,81.71447118123373
SKU023,2025-11-27,10,12.40496,2.4049596786499023,24.049596786499023
SKU023,2025-11-28,18,13.04319,4.956809997558594,27.537833319769966
SKU023,2025-11-29,15,17.265137,2.26513671875,15.100911458333332
SKU023,2025-11-30,12,16.51682,4.516820907592773,37.640174229939774
SKU023,2025-12-01,11,13.533976,2.533975601196289,23.036141829057176
SKU023,2025-12-02,9,11.141451,2.141450881958008,23.79389868842231
SKU023,2025-12-03,16,13.338403,2.66159725189209,16.63498282432556
SKU023,2025-12-04,15,12.730628,2.26937198638916,15.129146575927734
SKU023,2025-12-05,18,12.91219,5.0878095626831055,28.265608681572807
SKU023,2025-12-06,16,14.852311,1.147688865661621,7.173055410385132
SKU023,2025-12-07,12,16.167387,4.167387008666992,34.72822507222493
SKU023,2025-12-08,14,14.622567,0.6225671768188477,4.4469084058489114
SKU023,2025-12-09,11,14.214468,3.214468002319336,29.222436384721235
SKU023,2025-12-10,20,14.49646,5.5035400390625,27.5177001953125
SKU023,2025-12-11,11,13.513808,2.513808250427246,22.852802276611328
SKU023,2025-12-12,15,14.024161,0.9758386611938477,6.505591074625651
SKU023,2025-12-13,18,15.713762,2.2862377166748047,12.70132064819336
SKU023,2025-12-14,9,15.851583,6.8515825271606445,76.12869474622939
SKU023,2025-12-15,4,13.206574,9.206574440002441,230.16436100006104
SKU023,2025-12-16,19,13.937896,5.062104225158691,26.64265381662469
SKU023,2025-12-17,7,10.801827,3.8018274307250977,54.31182043892997
SKU023,2025-12-18,16,13.016863,2.9831371307373047,18.644607067108154
SKU023,2025-12-19,11,11.085197,0.08519744873046875,0.7745222611860795
SKU023,2025-12-20,15,13.198064,1.801936149597168,12.01290766398112
SKU023,2025-12-21,24,15.441938,8.558061599731445,35.65858999888103
SKU023,2025-12-22,14,13.668683,0.3313169479370117,2.366549628121512
SKU023,2025-12-23,16,15.10307,0.8969297409057617,5.605810880661011
SKU023,2025-12-24,18,15.970511,2.0294885635375977,11.274936464097765
SKU023,2025-12-25,12,15.247282,3.247282028198242,27.060683568318684
SKU023,2025-12-26,15,16.234516,1.2345161437988281,8.230107625325521
SKU023,2025-12-27,17,18.088406,1.0884056091308594,6.402385936063879
SKU023,2025-12-28,7,14.888276,7.888276100158691,112.6896585736956
SKU023,2025-12-29,12,13.341991,1.3419914245605469,11.18326187133789
SKU023,2025-12-30,13,12.983801,0.016199111938476562,0.12460855337289663
SKU023,2025-12-31,14,13.20923,0.7907695770263672,5.648354121616909
SKU024,2025-11-02,24,15.852842,8.147157669067383,33.94649028778076
SKU024,2025-11-03,14,9.359144,4.64085578918457,33.14896992274693
SKU024,2025-11-04,11,10.984707,0.015293121337890625,0.13902837579900568
SKU024,2025-11-05,5,10.86483,5.864830017089844,117.29660034179688
SKU024,2025-11-06,18,13.160224,4.839776039123535,26.887644661797417
SKU024,2025-11-07,9,11.486602,2.4866018295288086,27.628909216986763
SKU024,2025-11-08,11,18.131723,7.131723403930664,64.83384912664239
SKU024,2025-11-09,14,15.989315,1.9893150329589844,14.209393092564174
SKU024,2025-11-10,7,9.217006,2.217005729675293,31.67151042393276
SKU024,2025-11-11,11,10.024406,0.9755935668945312,8.86903242631392
SKU024,2025-11-12,11,10.445992,0.5540075302124023,5.0364320928400215
SKU024,2025-11-13,12,9.736998,2.263002395629883,18.858353296915688
SKU024,2025-11-14,13,10.294863,2.705137252807617,20.808748098520134
SKU024,2025-11-15,5,13.249592,8.249591827392578,164.99183654785156
SKU024,2025-11-16,23,17.175175,5.824825286865234,25.325327334196672
SKU024,2025-11-17,9,9.7175,0.7174997329711914,7.97221925523546
SKU024,2025-11-18,14,11.574221,2.425779342651367,17.326995304652623
SKU024,2025-11-19,9,10.031662,1.0316619873046875,11.462910970052082
SKU024,2025-11-20,7,10.4796095,3.479609489440918,49.70870699201311
SKU024,2025-11-21,9,10.102225,1.1022253036499023,12.246947818332249
SKU024,2025-11-22,19,17.176302,1.8236980438232422,9.598410756964434
SKU024,2025-11-23,13,13.014559,0.014558792114257812,0.11199070857121395
SKU024,2025-11-24,5,9.342426,4.342426300048828,86.84852600097656
SKU024,2025-11-25,7,9.358451,2.3584508895874023,33.69215556553432
SKU024,2025-11-26,12,9.382411,2.617588996887207,21.813241640726723
SKU024,2025-11-27,8,8.658836,0.6588363647460938,8.235454559326172
SKU024,2025-11-28,10,9.184516,0.8154840469360352,8.154840469360352
SKU024,2025-11-29,20,13.371871,6.628129005432129,33.140645027160645
SKU024,2025-11-30,14,13.082681,0.9173192977905273,6.5522806985037665
SKU024,2025-12-01,13,11.146715,1.8532848358154297,14.256037198580229
SKU024,2025-12-02,11,11.527501,0.527501106262207,4.7954646023837
SKU024,2025-12-03,15,12.80049,2.199509620666504,14.663397471110025
SKU024,2025-12-04,11,12.881146,1.8811464309692383,17.10133119062944
SKU024,2025-12-05,12,13.340162,1.3401622772216797,11.168018976847332
SKU024,2025-12-06,15,14.075663,0.9243373870849609,6.162249247233073
SKU024,2025-12-07,16,14.615835,1.384164810180664,8.65103006362915
SKU024,2025-12-08,7,11.527235,4.52723503112793,64.67478615897042
SKU024,2025-12-09,9,12.092759,3.092759132385254,34.36399035983616
SKU024,2025-12-10,5,10.3758745,5.3758745193481445,107.5174903869629
SKU024,2025-12-11,14,11.371446,2.628554344177246,18.775388172694615
SKU024,2025-12-12,12,10.2352705,1.7647294998168945,14.706079165140787
SKU024,2025-12-13,15,12.223383,2.7766170501708984,18.510780334472656
SKU024,2025-12-14,10,10.941045,0.941044807434082,9.41044807434082
SKU024,2025-12-15,11,10.663913,0.3360872268676758,3.05533842606978
SKU024,2025-12-16,10,10.203145,0.20314502716064453,2.0314502716064453
SKU024,2025-12-17,10,11.230688,1.2306880950927734,12.306880950927734
SKU024,2025-12-18,15,11.679304,3.3206958770751953,22.137972513834637
SKU024,2025-12-19,14,10.712504,3.2874956130981445,23.482111522129603
SKU024,2025-12-20,16,13.326413,2.673586845397949,16.709917783737183
SKU024,2025-12-21,9,12.524063,3.5240631103515625,39.15625678168403
SKU024,2025-12-22,10,11.981894,1.981893539428711,19.81893539428711
SKU024,2025-12-23,14,12.647191,1.352808952331543,9.66292108808245
SKU024,2025-12-24,5,10.809617,5.809617042541504,116.19234085083008
SKU024,2025-12-25,13,12.068891,0.9311094284057617,7.162380218505859
SKU024,2025-12-26,9,10.701544,1.7015438079833984,18.906042310926647
SKU024,2025-12-27,14,12.2270565,1.7729434967041016,12.663882119315012
SKU024,2025-12-28,6,10.463583,4.463582992553711,74.39304987589517
SKU024,2025-12-29,9,10.485141,1.4851408004760742,16.501564449734158
SKU024,2025-12-30,9,9.400088,0.4000883102416992,4.445425669352213
SKU024,2025-12-31,9,9.985461,0.9854612350463867,10.949569278293186
SKU025,2025-11-02,5,3.199811,1.8001890182495117,36.003780364990234
SKU025,2025-11-03,3,2.1713748,0.8286252021789551,27.620840072631836
SKU025,2025-11-04,4,3.2179227,0.7820773124694824,19.55193281173706
SKU025,2025-11-05,4,2.9530096,1.0469903945922852,26.17475986480713
SKU025,2025-11-06,1,3.029721,2.0297210216522217,202.97210216522217
SKU025,2025-11-07,2,3.3436477,1.3436477184295654,67.18238592147827
SKU025,2025-11-08,1,3.5650506,2.5650506019592285,256.50506019592285
SKU025,2025-11-09,3,3.6494393,0.6494393348693848,21.647977828979492
SKU025,2025-11-10,3,2.5743856,0.4256143569946289,14.187145233154297
SKU025,2025-11-11,0,1.6794615,1.6794614791870117,
SKU025,2025-11-12,4,1.4028883,2.597111701965332,64.9277925491333
SKU025,2025-11-13,1,1.4371102,0.43711018562316895,43.711018562316895
SKU025,2025-11-14,2,1.6216363,0.3783637285232544,18.91818642616272
SKU025,2025-11-15,5,3.5284305,1.471569538116455,29.4313907623291
SKU025,2025-11-16,3,3.183167,0.1831669807434082,6.105566024780273
SKU025,2025-11-17,2,2.2903724,0.290372371673584,14.5186185836792
SKU025,2025-11-18,0,2.232782,2.2327818870544434,
SKU025,2025-11-19,2,1.6436504,0.3563495874404907,17.817479372024536
SKU025,2025-11-20,0,1.4513502,1.451350212097168,
SKU025,2025-11-21,1,1.2778037,0.2778036594390869,27.78036594390869
SKU025,2025-11-22,4,3.0469213,0.9530787467956543,23.826968669891357
SKU025,2025-11-23,3,2.6347246,0.36527538299560547,12.175846099853516
SKU025,2025-11-24,0,1.1715488,1.171548843383789,
SKU025,2025-11-25,2,1.338033,0.6619670391082764,33.09835195541382
SKU025,2025-11-26,1,1.0262206,0.02622056007385254,2.622056007385254
SKU025,2025-11-27,1,1.3892212,0.38922119140625,38.922119140625
SKU025,2025-11-28,1,1.2108743,0.21087431907653809,21.08743190765381
SKU025,2025-11-29,0,1.4464524,1.4464523792266846,
SKU025,2025-11-30,4,1.7259251,2.274074912071228,56.8518728017807
SKU025,2025-12-01,1,1.8646351,0.8646351099014282,86.46351099014282
SKU025,2025-12-02,3,1.8347859,1.1652140617370605,38.84046872456868
SKU025,2025-12-03,0,1.7356337,1.7356337308883667,
SKU025,2025-12-04,3,1.9009349,1.0990650653839111,36.6355021794637
SKU025,2025-12-05,2,2.1157508,0.11575078964233398,5.787539482116699
SKU025,2025-12-06,4,3.0480604,0.951939582824707,23.798489570617676
SKU025,2025-12-07,5,2.7721581,2.227841854095459,44.55683708190918
SKU025,2025-12-08,0,2.2028635,2.2028634548187256,
SKU025,2025-12-09,1,2.3689458,1.368945837020874,136.8945837020874
SKU025,2025-12-10,3,2.6836998,0.3163001537322998,10.543338457743328
SKU025,2025-12-11,1,2.4488637,1.4488637447357178,144.88637447357178
SKU025,2025-12-12,2,2.3506227,0.35062265396118164,17.531132698059082
SKU025,2025-12-13,4,2.7955604,1.204439640045166,30.11099100112915
SKU025,2025-12-14,2,1.8413157,0.15868425369262695,7.934212684631348
SKU025,2025-12-15,3,2.5438056,0.4561944007873535,15.206480026245117
SKU025,2025-12-16,1,2.2825112,1.2825112342834473,128.25112342834473
SKU025,2025-12-17,2,2.3292804,0.32928037643432617,16.46401882171631
SKU025,2025-12-18,2,2.2245095,0.22450947761535645,11.225473880767822
SKU025,2025-12-19,1,2.2356634,1.2356634140014648,123.56634140014648
SKU025,2025-12-20,3,2.1500757,0.8499243259429932,28.330810864766438
SKU025,2025-12-21,2,1.8856661,0.1143338680267334,5.71669340133667
SKU025,2025-12-22,3,2.0502496,0.9497504234313965,31.658347447713215
SKU025,2025-12-23,1,1.8979475,0.8979475498199463,89.79475498199463
SKU025,2025-12-24,1,1.4629908,0.46299076080322266,46.299076080322266
SKU025,2025-12-25,3,1.8294767,1.1705232858657837,39.017442862192794
SKU025,2025-12-26,1,1.7659664,0.7659664154052734,76.59664154052734
SKU025,2025-12-27,5,2.7600665,2.239933490753174,44.79866981506348
SKU025,2025-12-28,2,2.3659828,0.3659827709197998,18.29913854598999
SKU025,2025-12-29,2,1.6415213,0.3584786653518677,17.923933267593384
SKU025,2025-12-30,4,2.6304612,1.3695387840270996,34.23846960067749
SKU025,2025-12-31,1,2.2838075,1.2838075160980225,128.38075160980225
SKU026,2025-11-02,24,27.346956,3.346956253051758,13.945651054382324
SKU026,2025-11-03,14,18.27881,4.278810501098633,30.56293215070452
SKU026,2025-11-04,24,18.378725,5.621274948120117,23.42197895050049
SKU026,2025-11-05,7,15.876542,8.876542091369629,126.80774416242326
SKU026,2025-11-06,22,16.619595,5.380405426025391,24.45638830011541
SKU026,2025-11-07,18,16.351082,1.6489181518554688,9.160656399197048
SKU026,2025-11-08,19,23.43802,4.438020706176758,23.35800371671978
SKU026,2025-11-09,23,23.722998,0.7229976654052734,3.1434681104577105
SKU026,2025-11-10,19,17.067543,1.9324569702148438,10.170826159025493
SKU026,2025-11-11,21,16.2496,4.750400543212891,22.620954967680433
SKU026,2025-11-12,9,16.311327,7.31132698059082,81.23696645100912
SKU026,2025-11-13,10,14.972808,4.972807884216309,49.728078842163086
SKU026,2025-11-14,18,15.58582,2.414179801940918,13.412110010782877
SKU026,2025-11-15,25,22.789253,2.2107467651367188,8.842987060546875
SKU026,2025-11-16,28,23.295404,4.704595565795898,16.802127020699636
SKU026,2025-11-17,16,16.048576,0.04857635498046875,0.3036022186279297
SKU026,2025-11-18,14,15.376595,1.3765945434570312,9.832818167550224
SKU026,2025-11-19,13,16.916952,3.916952133178711,30.130401024451626
SKU026,2025-11-20,18,17.445738,0.5542621612548828,3.0792342291937933
SKU026,2025-11-21,22,17.48454,4.515459060668945,20.52481391213157
SKU026,2025-11-22,15,21.698446,6.698446273803711,44.656308492024735
SKU026,2025-11-23,30,24.160416,5.8395843505859375,19.465281168619793
SKU026,2025-11-24,16,15.780366,0.2196340560913086,1.3727128505706787
SKU026,2025-11-25,8,15.790204,7.790204048156738,97.37755060195923
SKU026,2025-11-26,11,15.64359,4.643589973449707,42.21445430408824
SKU026,2025-11-27,19,15.36731,3.6326904296875,19.119423314144736
SKU026,2025-11-28,23,15.121003,7.878996849060059,34.25650803939156
SKU026,2025-11-29,25,22.588322,2.4116783142089844,9.646713256835938
SKU026,2025-11-30,24,22.718176,1.2818241119384766,5.340933799743652
SKU026,2025-12-01,23,19.464546,3.5354537963867188,15.371538245159647
SKU026,2025-12-02,21,18.925278,2.0747222900390625,9.879629952566964
SKU026,2025-12-03,23,21.705091,1.2949085235595703,5.630037058954653
SKU026,2025-12-04,18,21.48672,3.4867191314697266,19.37066184149848
SKU026,2025-12-05,18,22.27465,4.274650573730469,23.748058742947048
SKU026,2025-12-06,21,23.625418,2.625417709350586,12.501989092145646
SKU026,2025-12-07,33,25.88336,7.116640090942383,21.565576033158738
SKU026,2025-12-08,17,21.716955,4.716955184936523,27.746795205508963
SKU026,2025-12-09,18,21.100668,3.100667953491211,17.225933074951172
SKU026,2025-12-10,17,19.836023,2.8360233306884766,16.68249018052045
SKU026,2025-12-11,19,20.290474,1.2904739379882812,6.791968094675164
SKU026,2025-12-12,11,18.567875,7.567874908447266,68.79886280406605
SKU026,2025-12-13,21,21.709913,0.7099132537841797,3.380539303734189
SKU026,2025-12-14,25,20.12421,4.875789642333984,19.503158569335938
SKU026,2025-12-15,16,16.612568,0.6125679016113281,3.828549385070801
SKU026,2025-12-16,22,18.384281,3.6157188415527344,16.43508564342152
SKU026,2025-12-17,26,18.536982,7.463018417358398,28.703916989839996
SKU026,2025-12-18,23,18.836761,4.163238525390625,18.10103706691576
SKU026,2025-12-19,20,20.770418,0.7704181671142578,3.852090835571289
SKU026,2025-12-20,29,24.868328,4.131671905517578,14.247144501784753
SKU026,2025-12-21,20,24.459265,4.459264755249023,22.296323776245117
SKU026,2025-12-22,20,24.393198,4.393198013305664,21.96599006652832
SKU026,2025-12-23,27,23.549158,3.4508419036865234,12.780895939579718
SKU026,2025-12-24,14,20.601328,6.601327896118164,47.15234211512974
SKU026,2025-12-25,15,21.025726,6.025726318359375,40.1715087890625
SKU026,2025-12-26,17,20.17509,3.175090789794922,18.67700464585248
SKU026,2025-12-27,16,21.054913,5.054912567138672,31.5932035446167
SKU026,2025-12-28,26,21.55922,4.4407806396484375,17.079925537109375
SKU026,2025-12-29,14,18.153326,4.153326034545898,29.666614532470703
SKU026,2025-12-30,21,19.701498,1.298501968383789,6.183342706589472
SKU026,2025-12-31,20,18.680489,1.3195114135742188,6.597557067871093
SKU027,2025-11-02,20,23.391876,3.391876220703125,16.959381103515625
SKU027,2025-11-03,25,19.724413,5.27558708190918,21.10234832763672
SKU027,2025-11-04,12,15.725037,3.72503662109375,31.041971842447918
SKU027,2025-11-05,11,16.312532,5.312532424926758,48.29574931751598
SKU027,2025-11-06,29,18.156588,10.843412399291992,37.3910772389379
SKU027,2025-11-07,16,16.938963,0.9389629364013672,5.868518352508545
SKU027,2025-11-08,30,27.881283,2.1187171936035156,7.062390645345053
SKU027,2025-11-09,24,25.574507,1.5745067596435547,6.5604448318481445
SKU027,2025-11-10,18,18.442991,0.4429912567138672,2.461062537299262
SKU027,2025-11-11,16,20.180504,4.180503845214844,26.128149032592773
SKU027,2025-11-12,19,20.790388,1.7903881072998047,9.423095301577918
SKU027,2025-11-13,17,17.850594,0.8505935668945312,5.003491569967831
SKU027,2025-11-14,23,19.555765,3.444234848022461,14.974934121836785
SKU027,2025-11-15,26,25.118263,0.8817367553710938,3.3912952129657454
SKU027,2025-11-16,30,27.01825,2.98175048828125,9.939168294270834
SKU027,2025-11-17,23,19.523748,3.4762516021728516,15.11413740075153
SKU027,2025-11-18,31,22.678732,8.321268081665039,26.842800263435613
SKU027,2025-11-19,21,21.600157,0.6001567840576172,2.8578894478934154
SKU027,2025-11-20,15,20.510057,5.51005744934082,36.733716328938804
SKU027,2025-11-21,21,22.428385,1.428384780883789,6.801832289922805
SKU027,2025-11-22,22,29.160244,7.160243988037109,32.54656358198686
SKU027,2025-11-23,30,30.473175,0.473175048828125,1.5772501627604167
SKU027,2025-11-24,20,21.794888,1.7948875427246094,8.974437713623047
SKU027,2025-11-25,23,19.543446,3.456554412841797,15.028497447138248
SKU027,2025-11-26,17,18.501802,1.5018024444580078,8.834132026223575
SKU027,2025-11-27,21,19.292652,1.7073478698730469,8.130227951776414
SKU027,2025-11-28,22,19.581419,2.418581008911133,10.99355004050515
SKU027,2025-11-29,38,32.10541,5.894588470458984,15.512074922260485
SKU027,2025-11-30,21,29.01786,8.017860412597656,38.180287679036454
SKU027,2025-12-01,23,24.475336,1.4753360748291016,6.414504673170008
SKU027,2025-12-02,25,22.374622,2.625377655029297,10.501510620117188
SKU027,2025-12-03,14,21.69804,7.698040008544922,54.986000061035156
SKU027,2025-12-04,16,22.714725,6.714725494384766,41.967034339904785
SKU027,2025-12-05,24,23.120613,0.8793869018554688,3.664112091064453
SKU027,2025-12-06,25,21.331095,3.668905258178711,14.675621032714844
SKU027,2025-12-07,26,23.437567,2.5624332427978516,9.855512472299429
SKU027,2025-12-08,14,20.184591,6.184591293334961,44.175652095249724
SKU027,2025-12-09,21,19.376286,1.6237144470214844,7.731973557245164
SKU027,2025-12-10,24,20.73478,3.2652206420898438,13.605086008707682
SKU027,2025-12-11,25,21.041784,3.9582157135009766,15.832862854003906
SKU027,2025-12-12,27,20.916323,6.083677291870117,22.53213811803747
SKU027,2025-12-13,20,21.719643,1.7196426391601562,8.598213195800781
SKU027,2025-12-14,30,25.731094,4.2689056396484375,14.229685465494793
SKU027,2025-12-15,23,23.289322,0.2893218994140625,1.2579213018002717
SKU027,2025-12-16,29,23.280712,5.719287872314453,19.7216823183257
SKU027,2025-12-17,21,22.833023,1.8330230712890625,8.728681291852679
SKU027,2025-12-18,30,23.827381,6.172618865966797,20.57539621988932
SKU027,2025-12-19,22,23.135868,1.1358680725097656,5.163036693226208
SKU027,2025-12-20,31,28.553051,2.446949005126953,7.8933838875063
SKU027,2025-12-21,26,27.441055,1.4410552978515625,5.542520376352163
SKU027,2025-12-22,22,26.428337,4.428337097167969,20.12880498712713
SKU027,2025-12-23,20,23.670483,3.670482635498047,18.352413177490234
SKU027,2025-12-24,27,24.887033,2.112966537475586,7.825801990650318
SKU027,2025-12-25,16,21.759989,5.759988784790039,35.999929904937744
SKU027,2025-12-26,19,24.34195,5.341949462890625,28.115523488898024
SKU027,2025-12-27,21,22.846514,1.8465137481689453,8.79292261032831
SKU027,2025-12-28,19,22.116009,3.116008758544922,16.40004609760485
SKU027,2025-12-29,21,20.591616,0.4083843231201172,1.9446872529529389
SKU027,2025-12-30,23,20.68324,2.3167591094970703,10.072865693465523
SKU027,2025-12-31,23,22.414791,0.5852088928222656,2.5443864905315894
SKU028,2025-11-02,2,5.227501,3.2275009155273438,161.3750457763672
SKU028,2025-11-03,0,4.2393193,4.239319324493408,
SKU028,2025-11-04,7,3.9481928,3.051807165145874,43.59724521636963
SKU028,2025-11-05,4,3.2878456,0.7121543884277344,17.80385971069336
SKU028,2025-11-06,3,3.8843594,0.8843593597412109,29.47864532470703
SKU028,2025-11-07,4,4.0000844,8.440017700195312e-05,0.002110004425048828
SKU028,2025-11-08,7,4.8865523,2.113447666168213,30.192109516688753
SKU028,2025-11-09,5,5.4977274,0.4977273941040039,9.954547882080078
SKU028,2025-11-10,7,5.4467487,1.5532512664794922,22.18930380684989
SKU028,2025-11-11,7,4.273151,2.72684907913208,38.954986844744
SKU028,2025-11-12,3,4.3066945,1.306694507598877,43.55648358662923
SKU028,2025-11-13,10,5.85809,4.141910076141357,41.419100761413574
SKU028,2025-11-14,3,5.025101,2.0251011848449707,67.50337282816568
SKU028,2025-11-15,3,7.0609956,4.060995578765869,135.36651929219562
SKU028,2025-11-16,7,8.087565,1.0875654220581055,15.536648886544363
SKU028,2025-11-17,4,4.361619,0.3616189956665039,9.040474891662598
SKU028,2025-11-18,3,4.134718,1.1347179412841797,37.82393137613933
SKU028,2025-11-19,9,5.007422,3.9925780296325684,44.36197810702854
SKU028,2025-11-20,5,3.8536434,1.1463565826416016,22.92713165283203
SKU028,2025-11-21,4,4.5385795,0.5385794639587402,13.464486598968506
SKU028,2025-11-22,8,7.415735,0.5842652320861816,7.3033154010772705
SKU028,2025-11-23,6,7.7392683,1.7392683029174805,28.987805048624676
SKU028,2025-11-24,5,4.9493604,0.05063962936401367,1.0127925872802734
SKU028,2025-11-25,6,5.406961,0.5930390357971191,9.883983929951984
SKU028,2025-11-26,4,4.2190495,0.21904945373535156,5.476236343383789
SKU028,2025-11-27,5,4.7556186,0.24438142776489258,4.887628555297852
SKU028,2025-11-28,4,4.7752137,0.7752137184143066,19.380342960357666
SKU028,2025-11-29,6,6.4831095,0.4831094741821289,8.051824569702148
SKU028,2025-11-30,4,5.31546,1.315460205078125,32.886505126953125
SKU028,2025-12-01,7,5.850003,1.1499972343444824,16.428531919206893
SKU028,2025-12-02,4,4.5244617,0.5244617462158203,13.111543655395508
SKU028,2025-12-03,9,5.6941667,3.305833339691162,36.73148155212402
SKU028,2025-12-04,4,4.872808,0.8728079795837402,21.820199489593506
SKU028,2025-12-05,5,5.9316635,0.9316635131835938,18.633270263671875
SKU028,2025-12-06,2,5.528997,3.5289969444274902,176.4498472213745
SKU028,2025-12-07,9,6.907338,2.0926618576049805,23.25179841783312
SKU028,2025-12-08,2,4.9837847,2.9837846755981445,149.18923377990723
SKU028,2025-12-09,3,4.855432,1.8554320335388184,61.847734451293945
SKU028,2025-12-10,5,4.0870347,0.9129652976989746,18.259305953979492
SKU028,2025-12-11,1,3.5451994,2.545199394226074,254.51993942260742
SKU028,2025-12-12,5,4.014057,0.9859428405761719,19.718856811523438
SKU028,2025-12-13,3,4.1795597,1.1795597076416016,39.31865692138672
SKU028,2025-12-14,6,3.8322315,2.1677684783935547,36.12947463989258
SKU028,2025-12-15,6,4.3408127,1.6591873168945312,27.653121948242188
SKU028,2025-12-16,3,3.9853106,0.9853105545043945,32.843685150146484
SKU028,2025-12-17,4,3.8431993,0.1568007469177246,3.9200186729431152
SKU028,2025-12-18,4,4.5307727,0.5307726860046387,13.269317150115967
SKU028,2025-12-19,2,3.9289863,1.9289863109588623,96.44931554794312
SKU028,2025-12-20,1,4.2116556,3.211655616760254,321.1655616760254
SKU028,2025-12-21,2,3.263183,1.2631831169128418,63.15915584564209
SKU028,2025-12-22,3,3.2090828,0.20908284187316895,6.969428062438965
SKU028,2025-12-23,6,3.123697,2.87630295753479,47.938382625579834
SKU028,2025-12-24,6,2.9277952,3.072204828262329,51.203413804372154
SKU028,2025-12-25,6,3.7142813,2.2857186794281006,38.09531132380168
SKU028,2025-12-26,5,4.053028,0.9469718933105469,18.939437866210938
SKU028,2025-12-27,4,4.536351,0.536351203918457,13.408780097961426
SKU028,2025-12-28,1,4.7527432,3.7527432441711426,375.27432441711426
SKU028,2025-12-29,4,4.5097194,0.5097193717956543,12.742984294891357
SKU028,2025-12-30,7,4.5650134,2.4349865913391113,34.785522733415874
SKU028,2025-12-31,3,3.5483122,0.5483121871948242,18.27707290649414
SKU029,2025-11-02,20,18.744692,1.2553081512451172,6.276540756225586
SKU029,2025-11-03,10,13.362076,3.3620758056640625,33.620758056640625
SKU029,2025-11-04,8,13.711576,5.711576461791992,71.3947057723999
SKU029,2025-11-05,10,13.62566,3.625659942626953,36.25659942626953
SKU029,2025-11-06,13,12.470176,0.5298242568969727,4.07557120689979
SKU029,2025-11-07,13,12.147433,0.8525667190551758,6.55820553119366
SKU029,2025-11-08,16,16.371801,0.37180137634277344,2.323758602142334
SKU029,2025-11-09,18,16.256693,1.743307113647461,9.685039520263672
SKU029,2025-11-10,9,11.044401,2.044401168823242,22.71556854248047
SKU029,2025-11-11,9,12.040323,3.040323257446289,33.781369527180985
SKU029,2025-11-12,16,12.878947,3.1210527420043945,19.506579637527466
SKU029,2025-11-13,9,10.8332815,1.8332815170288086,20.36979463365343
SKU029,2025-11-14,14,12.709605,1.2903947830200195,9.21710559300014
SKU029,2025-11-15,20,16.57542,3.424579620361328,17.12289810180664
SKU029,2025-11-16,21,17.692719,3.307281494140625,15.748959495907739
SKU029,2025-11-17,17,13.098492,3.901508331298828,22.950049007640168
SKU029,2025-11-18,8,12.656154,4.656153678894043,58.20192098617554
SKU029,2025-11-19,8,12.302303,4.302303314208984,53.778791427612305
SKU029,2025-11-20,14,13.288094,0.7119064331054688,5.085045950753348
SKU029,2025-11-21,8,11.064046,3.0640459060668945,38.30057382583618
SKU029,2025-11-22,27,19.925613,7.0743865966796875,26.201431839554395
SKU029,2025-11-23,15,16.644497,1.6444969177246094,10.96331278483073
SKU029,2025-11-24,16,11.988203,4.011796951293945,25.073730945587158
SKU029,2025-11-25,10,12.005234,2.0052337646484375,20.052337646484375
SKU029,2025-11-26,15,13.503614,1.4963855743408203,9.975903828938803
SKU029,2025-11-27,14,12.649326,1.3506736755371094,9.647669110979352
SKU029,2025-11-28,10,14.1231,4.123100280761719,41.23100280761719
SKU029,2025-11-29,13,17.338192,4.338191986083984,33.370707585261414
SKU029,2025-11-30,18,17.406986,0.5930137634277344,3.2945209079318576
SKU029,2025-12-01,6,12.8561945,6.856194496154785,114.26990826924641
SKU029,2025-12-02,10,12.867815,2.8678150177001953,28.678150177001953
SKU029,2025-12-03,7,11.767489,4.767489433288574,68.1069919041225
SKU029,2025-12-04,13,12.0906515,0.9093484878540039,6.994988368107722
SKU029,2025-12-05,19,12.027582,6.972417831420898,36.69693595484683
SKU029,2025-12-06,18,13.768821,4.231179237365723,23.50655131869846
SKU029,2025-12-07,14,14.636064,0.6360635757446289,4.543311255318778
SKU029,2025-12-08,17,14.002815,2.9971847534179688,17.630498549517462
SKU029,2025-12-09,13,12.702056,0.2979440689086914,2.2918774531437798
SKU029,2025-12-10,14,15.165128,1.1651277542114258,8.322341101510185
SKU029,2025-12-11,18,15.435231,2.5647687911987305,14.248715506659615
SKU029,2025-12-12,15,14.779529,0.22047138214111328,1.4698092142740886
SKU029,2025-12-13,25,17.678967,7.321033477783203,29.284133911132816
SKU029,2025-12-14,13,16.15505,3.155050277709961,24.269617520845856
SKU029,2025-12-15,15,16.04744,1.0474395751953125,6.982930501302083
SKU029,2025-12-16,17,16.174076,0.8259239196777344,4.85837599810432
SKU029,2025-12-17,13,15.881479,2.881479263305664,22.165225102351265
SKU029,2025-12-18,14,15.409031,1.4090309143066406,10.064506530761719
SKU029,2025-12-19,17,15.573893,1.426107406616211,8.388867097742416
SKU029,2025-12-20,12,15.157903,3.157902717590332,26.315855979919434
SKU029,2025-12-21,16,16.743275,0.7432746887207031,4.6454668045043945
SKU029,2025-12-22,16,15.064281,0.9357185363769531,5.848240852355957
SKU029,2025-12-23,9,12.413505,3.4135046005249023,37.92782889472114
SKU029,2025-12-24,19,14.813892,4.186107635498047,22.03214544998972
SKU029,2025-12-25,10,12.844614,2.844614028930664,28.446140289306644
SKU029,2025-12-26,12,13.838619,1.8386192321777344,15.321826934814453
SKU029,2025-12-27,17,16.130085,0.8699150085449219,5.117147109087776
SKU029,2025-12-28,14,14.737535,0.7375354766845703,5.2681105477469305
SKU029,2025-12-29,14,13.83128,0.16872024536132812,1.2051446097237724
SKU029,2025-12-30,14,13.667685,0.33231544494628906,2.3736817496163503
SKU029,2025-12-31,7,12.607253,5.607253074645996,80.10361535208565
SKU030,2025-11-02,6,5.6369686,0.36303138732910156,6.050523122151693
SKU030,2025-11-03,3,4.0128818,1.0128817558288574,33.76272519429524
SKU030,2025-11-04,8,4.6182303,3.3817696571350098,42.27212071418762
SKU030,2025-11-05,2,3.8960066,1.8960065841674805,94.80032920837402
SKU030,2025-11-06,3,3.9547846,0.954784631729126,31.826154390970867
SKU030,2025-11-07,2,3.8279266,1.8279266357421875,91.39633178710938
SKU030,2025-11-08,3,5.5739427,2.5739426612854004,85.79808870951334
SKU030,2025-11-09,4,5.007069,1.0070691108703613,25.176727771759033
SKU030,2025-11-10,6,3.9609246,2.0390753746032715,33.98458957672119
SKU030,2025-11-11,1,2.2987823,1.2987823486328125,129.87823486328125
SKU030,2025-11-12,3,2.9471302,0.05286979675292969,1.7623265584309895
SKU030,2025-11-13,3,2.899296,0.10070395469665527,3.3567984898885093
SKU030,2025-11-14,4,3.2699049,0.7300951480865479,18.252378702163696
SKU030,2025-11-15,5,4.874877,0.1251230239868164,2.502460479736328
SKU030,2025-11-16,12,6.0885887,5.911411285400391,49.26176071166992
SKU030,2025-11-17,3,3.4983966,0.498396635055542,16.613221168518066
SKU030,2025-11-18,4,4.3341327,0.33413267135620117,8.35331678390503
SKU030,2025-11-19,5,4.631845,0.36815500259399414,7.363100051879883
SKU030,2025-11-20,4,4.6392317,0.6392316818237305,15.980792045593262
SKU030,2025-11-21,2,4.684038,2.6840381622314453,134.20190811157227
SKU030,2025-11-22,8,7.614561,0.3854389190673828,4.817986488342285
SKU030,2025-11-23,7,6.272482,0.7275180816650391,10.393115452357701
SKU030,2025-11-24,3,4.012737,1.0127367973327637,33.75789324442546
SKU030,2025-11-25,0,3.7007146,3.700714588165283,
SKU030,2025-11-26,2,3.1155682,1.1155681610107422,55.77840805053711
SKU030,2025-11-27,3,2.951339,0.048660993576049805,1.6220331192016602
SKU030,2025-11-28,5,3.587472,1.4125280380249023,28.250560760498043
SKU030,2025-11-29,8,4.3547773,3.6452226638793945,45.56528329849243
SKU030,2025-11-30,5,4.231127,0.7688732147216797,15.377464294433594
SKU030,2025-12-01,2,3.644427,1.6444270610809326,82.22135305404663
SKU030,2025-12-02,2,4.0352497,2.035249710083008,101.76248550415039
SKU030,2025-12-03,5,4.3279085,0.6720914840698242,13.441829681396483
SKU030,2025-12-04,2,4.135188,2.135188102722168,106.7594051361084
SKU030,2025-12-05,1,3.7334216,2.733421564102173,273.3421564102173
SKU030,2025-12-06,6,3.8565977,2.143402338027954,35.7233723004659
SKU030,2025-12-07,7,3.5433252,3.456674814224243,49.38106877463205
SKU030,2025-12-08,5,3.6740596,1.3259403705596924,26.518807411193844
SKU030,2025-12-09,5,4.1389184,0.861081600189209,17.22163200378418
SKU030,2025-12-10,6,4.1678514,1.832148551940918,30.5358091990153
SKU030,2025-12-11,4,4.492385,0.4923849105834961,12.309622764587402
SKU030,2025-12-12,7,5.795206,1.204793930053711,17.211341857910156
SKU030,2025-12-13,5,5.7392726,0.7392725944519043,14.785451889038088
SKU030,2025-12-14,3,5.588188,2.5881881713867188,86.27293904622397
SKU030,2025-12-15,4,5.2211337,1.2211337089538574,30.528342723846436
SKU030,2025-12-16,4,4.5196915,0.5196914672851562,12.992286682128906
SKU030,2025-12-17,4,4.314805,0.3148050308227539,7.870125770568848
SKU030,2025-12-18,3,4.0639386,1.0639386177062988,35.46462059020996
SKU030,2025-12-19,5,4.053829,0.9461708068847656,18.923416137695312
SKU030,2025-12-20,2,3.4488668,1.448866844177246,72.4433422088623
SKU030,2025-12-21,4,4.328898,0.32889795303344727,8.222448825836182
SKU030,2025-12-22,3,3.4341555,0.4341554641723633,14.471848805745443
SKU030,2025-12-23,5,3.54346,1.4565401077270508,29.130802154541012
SKU030,2025-12-24,4,3.0924444,0.9075555801391602,22.688889503479004
SKU030,2025-12-25,1,3.4979315,2.497931480407715,249.79314804077148
SKU030,2025-12-26,5,3.4048579,1.595142126083374,31.90284252166748
SKU030,2025-12-27,6,4.2026463,1.797353744506836,29.955895741780598
SKU030,2025-12-28,4,4.1478505,0.14785051345825195,3.696262836456299
SKU030,2025-12-29,4,4.042801,0.0428009033203125,1.0700225830078125
SKU030,2025-12-30,3,3.6666842,0.6666841506958008,22.22280502319336
SKU030,2025-12-31,7,4.194589,2.805410861968994,40.07729802812849
SKU031,2025-11-02,20,20.559246,0.5592460632324219,2.7962303161621094
SKU031,2025-11-03,14,14.510169,0.5101690292358398,3.6440644945417136
SKU031,2025-11-04,10,12.8281145,2.8281145095825195,28.281145095825195
SKU031,2025-11-05,16,14.884023,1.1159772872924805,6.974858045578003
SKU031,2025-11-06,18,14.460184,3.539815902709961,19.665643903944225
SKU031,2025-11-07,15,14.603768,0.39623165130615234,2.6415443420410156
SKU031,2025-11-08,21,20.001036,0.9989643096923828,4.756972903297061
SKU031,2025-11-09,15,19.172255,4.17225456237793,27.815030415852863
SKU031,2025-11-10,14,15.577114,1.5771141052246094,11.265100751604352
SKU031,2025-11-11,18,15.577144,2.422856330871582,13.460312949286568
SKU031,2025-11-12,12,14.501394,2.501394271850586,20.844952265421547
SKU031,2025-11-13,22,15.047253,6.952747344970703,31.603397022594105
SKU031,2025-11-14,16,14.254385,1.745615005493164,10.910093784332275
SKU031,2025-11-15,29,22.81185,6.188150405883789,21.33844967546134
SKU031,2025-11-16,20,21.965878,1.9658775329589844,9.829387664794922
SKU031,2025-11-17,9,16.285406,7.285406112670898,80.94895680745444
SKU031,2025-11-18,17,15.96437,1.035630226135254,6.091942506677964
SKU031,2025-11-19,16,17.272408,1.2724075317382812,7.952547073364258
SKU031,2025-11-20,14,15.564417,1.5644168853759766,11.174406324114118
SKU031,2025-11-21,20,16.008783,3.9912166595458984,19.956083297729492
SKU031,2025-11-22,13,19.348854,6.348854064941406,48.83733896108774
SKU031,2025-11-23,24,21.802156,2.197843551635742,9.157681465148926
SKU031,2025-11-24,14,15.912443,1.9124431610107422,13.660308292933873
SKU031,2025-11-25,11,14.622236,3.6222362518310547,32.929420471191406
SKU031,2025-11-26,14,14.333933,0.33393287658691406,2.385234832763672
SKU031,2025-11-27,8,12.3389225,4.338922500610352,54.236531257629395
SKU031,2025-11-28,16,12.894819,3.1051807403564453,19.407379627227783
SKU031,2025-11-29,19,18.710632,0.28936767578125,1.5229877672697367
SKU031,2025-11-30,22,18.658373,3.3416271209716797,15.189214186234908
SKU031,2025-12-01,11,13.974336,2.9743356704711914,27.03941518610174
SKU031,2025-12-02,15,14.927866,0.07213401794433594,0.4808934529622396
SKU031,2025-12-03,14,14.644581,0.6445808410644531,4.604148864746094
SKU031,2025-12-04,16,15.825445,0.17455482482910156,1.0909676551818848
SKU031,2025-12-05,15,15.732126,0.7321262359619141,4.880841573079428
SKU031,2025-12-06,14,16.940176,2.940176010131836,21.0012572152274
SKU031,2025-12-07,11,15.994642,4.99464225769043,45.40583870627663
SKU031,2025-12-08,10,14.312883,4.312883377075195,43.12883377075195
SKU031,2025-12-09,17,14.017226,2.982773780822754,17.545728122486786
SKU031,2025-12-10,13,12.489218,0.5107822418212891,3.9290941678560696
SKU031,2025-12-11,16,13.009227,2.9907732009887695,18.69233250617981
SKU031,2025-12-12,11,12.011717,1.0117168426513672,9.197425842285156
SKU031,2025-12-13,13,13.918305,0.9183053970336914,7.063887669489934
SKU031,2025-12-14,24,16.793867,7.206132888793945,30.025553703308105
SKU031,2025-12-15,20,15.410658,4.58934211730957,22.94671058654785
SKU031,2025-12-16,18,14.3926735,3.6073265075683594,20.04070281982422
SKU031,2025-12-17,20,16.656605,3.343395233154297,16.716976165771484
SKU031,2025-12-18,18,15.349017,2.6509828567504883,14.727682537502712
SKU031,2025-12-19,16,18.209845,2.2098445892333984,13.81152868270874
SKU031,2025-12-20,23,21.632498,1.367502212524414,5.945661793584409
SKU031,2025-12-21,17,19.485144,2.4851436614990234,14.618492126464844
SKU031,2025-12-22,14,18.985058,4.985057830810547,35.60755593436105
SKU031,2025-12-23,8,17.001799,9.001798629760742,112.52248287200928
SKU031,2025-12-24,14,16.125376,2.125375747680664,15.181255340576172
SKU031,2025-12-25,13,15.171651,2.1716508865356445,16.70500681950496
SKU031,2025-12-26,14,15.145142,1.1451416015625,8.179582868303571
SKU031,2025-12-27,20,16.233622,3.766378402709961,18.831892013549805
SKU031,2025-12-28,14,14.241396,0.2413959503173828,1.724256787981306
SKU031,2025-12-29,23,16.061146,6.938854217529297,30.168931380562157
SKU031,2025-12-30,12,15.929623,3.9296226501464844,32.746855417887375
SKU031,2025-12-31,15,17.597363,2.597362518310547,17.315750122070312
SKU032,2025-11-02,7,13.073947,6.073946952819824,86.77067075456891
SKU032,2025-11-03,7,9.291982,2.2919816970825195,32.74259567260742
SKU032,2025-11-04,8,8.440453,0.44045257568359375,5.505657196044922
SKU032,2025-11-05,7,7.5254235,0.525423526763916,7.506050382341657
SKU032,2025-11-06,8,7.5249557,0.47504425048828125,5.938053131103516
SKU032,2025-11-07,6,7.470517,1.4705171585083008,24.50861930847168
SKU032,2025-11-08,12,10.220476,1.7795238494873047,14.829365412394205
SKU032,2025-11-09,13,11.526277,1.4737234115600586,11.336333935077374
SKU032,2025-11-10,8,8.338297,0.33829689025878906,4.228711128234863
SKU032,2025-11-11,5,7.476055,2.476055145263672,49.52110290527344
SKU032,2025-11-12,7,8.068463,1.0684633255004883,15.26376179286412
SKU032,2025-11-13,6,7.6583514,1.6583514213562012,27.639190355936687
SKU032,2025-11-14,8,7.6935844,0.3064155578613281,3.8301944732666016
SKU032,2025-11-15,11,10.57766,0.42234039306640625,3.8394581187855112
SKU032,2025-11-16,9,9.157978,0.15797805786132812,1.755311754014757
SKU032,2025-11-17,11,7.2966223,3.7033777236938477,33.66707021539862
SKU032,2025-11-18,11,7.4996343,3.500365734100342,31.821506673639472
SKU032,2025-11-19,5,7.281791,2.2817912101745605,45.63582420349121
SKU032,2025-11-20,8,8.6771,0.6771001815795898,8.463752269744873
SKU032,2025-11-21,10,7.734147,2.265852928161621,22.65852928161621
SKU032,2025-11-22,14,12.947862,1.052138328552246,7.515273775373187
SKU032,2025-11-23,11,13.278088,2.278087615966797,20.709887417879973
SKU032,2025-11-24,5,8.077438,3.0774383544921875,61.54876708984375
SKU032,2025-11-25,2,7.413398,5.413397789001465,270.66988945007324
SKU032,2025-11-26,4,7.608352,3.6083521842956543,90.20880460739136
SKU032,2025-11-27,10,7.414585,2.5854148864746094,25.854148864746097
SKU032,2025-11-28,8,6.6460075,1.3539924621582031,16.92490577697754
SKU032,2025-11-29,12,8.388019,3.6119813919067383,30.099844932556152
SKU032,2025-11-30,9,7.281068,1.7189321517944336,19.099246131049263
SKU032,2025-12-01,7,7.2834835,0.28348350524902344,4.049764360700335
SKU032,2025-12-02,6,8.259654,2.2596540451049805,37.66090075174968
SKU032,2025-12-03,12,9.193375,2.8066253662109375,23.388544718424477
SKU032,2025-12-04,7,8.424057,1.4240570068359375,20.343671526227677
SKU032,2025-12-05,9,8.957422,0.04257774353027344,0.47308603922526044
SKU032,2025-12-06,7,9.15815,2.1581497192382812,30.83071027483259
SKU032,2025-12-07,12,9.638962,2.3610382080078125,19.675318400065102
SKU032,2025-12-08,8,8.592937,0.5929374694824219,7.411718368530273
SKU032,2025-12-09,6,8.338916,2.3389158248901367,38.98193041483562
SKU032,2025-12-10,5,7.840071,2.840071201324463,56.80142402648926
SKU032,2025-12-11,13,8.535967,4.464033126831055,34.33871636023888
SKU032,2025-12-12,7,7.5468836,0.5468835830688477,7.812622615269252
SKU032,2025-12-13,9,9.452126,0.45212554931640625,5.023617214626737
SKU032,2025-12-14,8,8.612732,0.61273193359375,7.659149169921875
SKU032,2025-12-15,9,8.442309,0.5576906204223633,6.196562449137369
SKU032,2025-12-16,9,7.911158,1.0888419151306152,12.09824350145128
SKU032,2025-12-17,8,8.817074,0.8170738220214844,10.213422775268555
SKU032,2025-12-18,8,7.91088,0.08911991119384766,1.1139988899230957
SKU032,2025-12-19,6,7.9878407,1.9878406524658203,33.130677541097
SKU032,2025-12-20,14,9.96794,4.032059669494629,28.800426210675923
SKU032,2025-12-21,14,10.354051,3.645949363708496,26.04249545506069
SKU032,2025-12-22,3,8.61673,5.616729736328125,187.22432454427081
SKU032,2025-12-23,5,9.531539,4.531538963317871,90.63077926635742
SKU032,2025-12-24,6,8.405719,2.4057188034057617,40.095313390096024
SKU032,2025-12-25,8,8.756423,0.7564229965209961,9.455287456512451
SKU032,2025-12-26,6,8.284319,2.2843189239501953,38.07198206583659
SKU032,2025-12-27,12,9.106077,2.893922805786133,24.11602338155111
SKU032,2025-12-28,11,7.010323,3.9896769523620605,36.269790476018734
SKU032,2025-12-29,7,6.371066,0.6289339065551758,8.984770093645368
SKU032,2025-12-30,7,8.27285,1.2728500366210938,18.18357195172991
SKU032,2025-12-31,12,9.235439,2.7645606994628906,23.038005828857422
SKU033,2025-11-02,15,16.13154,1.131540298461914,7.543601989746093
SKU033,2025-11-03,21,12.840438,8.159562110900879,38.85505767095657
SKU033,2025-11-04,15,11.367541,3.6324586868286133,24.21639124552409
SKU033,2025-11-05,12,11.314969,0.6850309371948242,5.708591143290201
SKU033,2025-11-06,10,12.164457,2.164457321166992,21.644573211669922
SKU033,2025-11-07,14,12.951684,1.0483160018920898,7.487971442086357
SKU033,2025-11-08,27,19.881147,7.118852615356445,26.366120797616468
SKU033,2025-11-09,20,19.830257,0.16974258422851562,0.8487129211425781
SKU033,2025-11-10,15,15.217311,0.21731090545654297,1.4487393697102864
SKU033,2025-11-11,19,15.241522,3.7584781646728516,19.781464024593955
SKU033,2025-11-12,14,14.612827,0.6128273010253906,4.3773378644670755
SKU033,2025-11-13,16,16.299715,0.2997150421142578,1.8732190132141113
SKU033,2025-11-14,14,16.19766,2.197660446166992,15.697574615478516
SKU033,2025-11-15,23,19.3177,3.682300567626953,16.010002467943274
SKU033,2025-11-16,15,19.204802,4.204801559448242,28.032010396321617
SKU033,2025-11-17,12,16.2129,4.212900161743164,35.107501347859696
SKU033,2025-11-18,11,13.108163,2.1081628799438477,19.165117090398613
SKU033,2025-11-19,19,14.473283,4.526717185974121,23.824827294600638
SKU033,2025-11-20,16,13.222651,2.7773494720458984,17.358434200286865
SKU033,2025-11-21,12,13.741048,1.7410478591918945,14.508732159932455
SKU033,2025-11-22,24,16.876003,7.123996734619141,29.683319727579754
SKU033,2025-11-23,26,20.674314,5.325685501098633,20.48340577345628
SKU033,2025-11-24,12,15.974317,3.9743165969848633,33.119304974873856
SKU033,2025-11-25,11,15.488554,4.488554000854492,40.805036371404476
SKU033,2025-11-26,19,15.436156,3.5638437271118164,18.75707224795693
SKU033,2025-11-27,13,13.999851,0.9998512268066406,7.691163283128005
SKU033,2025-11-28,10,14.994815,4.994814872741699,49.94814872741699
SKU033,2025-11-29,29,18.934042,10.065958023071289,34.71020007955617
SKU033,2025-11-30,27,18.967129,8.03287124633789,29.75137498643663
SKU033,2025-12-01,20,17.605951,2.3940486907958984,11.970243453979492
SKU033,2025-12-02,18,18.708582,0.7085819244384766,3.9365662468804254
SKU033,2025-12-03,15,18.562565,3.5625648498535156,23.750432332356773
SKU033,2025-12-04,12,18.481663,6.481662750244141,54.01385625203451
SKU033,2025-12-05,21,20.220964,0.7790355682373047,3.7096931820824035
SKU033,2025-12-06,10,18.725069,8.725069046020508,87.25069046020508
SKU033,2025-12-07,21,20.633148,0.366851806640625,1.7469133649553572
SKU033,2025-12-08,16,15.669523,0.3304767608642578,2.0654797554016113
SKU033,2025-12-09,18,15.520493,2.4795074462890625,13.77504136827257
SKU033,2025-12-10,10,14.85094,4.850939750671387,48.50939750671387
SKU033,2025-12-11,21,16.540735,4.459264755249023,21.234594072614396
SKU033,2025-12-12,14,14.9733715,0.9733715057373047,6.9526536124093195
SKU033,2025-12-13,15,17.536848,2.5368480682373047,16.912320454915363
SKU033,2025-12-14,15,17.55893,2.558929443359375,17.059529622395832
SKU033,2025-12-15,15,16.281107,1.281106948852539,8.54071299235026
SKU033,2025-12-16,18,15.347472,2.6525278091430664,14.736265606350369
SKU033,2025-12-17,12,14.886517,2.886516571044922,24.05430475870768
SKU033,2025-12-18,17,14.508891,2.4911088943481445,14.653581731459674
SKU033,2025-12-19,10,13.54077,3.540769577026367,35.40769577026367
SKU033,2025-12-20,19,16.49538,2.504619598388672,13.182208412571958
SKU033,2025-12-21,25,16.91428,8.08572006225586,32.34288024902344
SKU033,2025-12-22,14,15.049673,1.049673080444336,7.497664860316686
SKU033,2025-12-23,12,15.971893,3.971893310546875,33.099110921223954
SKU033,2025-12-24,6,14.792944,8.792943954467773,146.5490659077962
SKU033,2025-12-25,15,14.742725,0.2572746276855469,1.7151641845703125
SKU033,2025-12-26,15,14.737228,0.2627716064453125,1.7518107096354165
SKU033,2025-12-27,17,15.81425,1.1857500076293945,6.975000044878792
SKU033,2025-12-28,17,14.117129,2.882870674133301,16.958062789019415
SKU033,2025-12-29,20,14.468995,5.531004905700684,27.655024528503418
SKU033,2025-12-30,16,14.830979,1.169020652770996,7.306379079818726
SKU033,2025-12-31,6,14.987603,8.987603187561035,149.7933864593506
SKU034,2025-11-02,22,20.613165,1.3868350982666016,6.303795901211825
SKU034,2025-11-03,13,15.291836,2.2918357849121094,17.629506037785454
SKU034,2025-11-04,18,16.611265,1.3887348175048828,7.715193430582683
SKU034,2025-11-05,17,15.958046,1.0419540405273438,6.129141414866728
SKU034,2025-11-06,15,17.235788,2.235788345336914,14.905255635579426
SKU034,2025-11-07,15,17.19737,2.1973705291748047,14.649136861165365
SKU034,2025-11-08,25,23.57219,1.4278106689453125,5.71124267578125
SKU034,2025-11-09,26,23.145487,2.854513168334961,10.978896801288311
SKU034,2025-11-10,19,17.813698,1.1863021850585938,6.243695710834704
SKU034,2025-11-11,9,15.386613,6.386612892150879,70.96236546834311
SKU034,2025-11-12,21,17.379536,3.620464324951172,17.240306309291295
SKU034,2025-11-13,14,15.75722,1.7572202682495117,12.551573344639369
SKU034,2025-11-14,15,17.107912,2.107912063598633,14.052747090657553
SKU034,2025-11-15,17,22.851042,5.851041793823242,34.4178929048426
SKU034,2025-11-16,23,23.061968,0.06196784973144531,0.2694254336149796
SKU034,2025-11-17,19,14.843247,4.156752586364746,21.8776451913934
SKU034,2025-11-18,15,15.370651,0.3706512451171875,2.47100830078125
SKU034,2025-11-19,7,14.74209,7.742090225219727,110.60128893171037
SKU034,2025-11-20,16,15.448995,0.5510053634643555,3.4437835216522217
SKU034,2025-11-21,24,16.021433,7.978567123413086,33.24402968088786
SKU034,2025-11-22,24,23.859404,0.1405963897705078,0.5858182907104492
SKU034,2025-11-23,28,24.782335,3.2176647186279297,11.491659709385463
SKU034,2025-11-24,18,15.976227,2.023773193359375,11.243184407552082
SKU034,2025-11-25,18,17.51657,0.4834308624267578,2.685727013481988
SKU034,2025-11-26,14,18.926857,4.926856994628906,35.19183567592076
SKU034,2025-11-27,15,18.450056,3.4500560760498047,23.00037384033203
SKU034,2025-11-28,12,16.831507,4.831506729125977,40.262556076049805
SKU034,2025-11-29,26,24.292877,1.707122802734375,6.56585693359375
SKU034,2025-11-30,27,22.27667,4.723329544067383,17.493813126175493
SKU034,2025-12-01,17,16.253225,0.7467746734619141,4.3927921968347885
SKU034,2025-12-02,20,17.962173,2.0378265380859375,10.189132690429688
SKU034,2025-12-03,21,18.464485,2.5355148315429688,12.073880150204614
SKU034,2025-12-04,20,19.699991,0.30000877380371094,1.5000438690185547
SKU034,2025-12-05,24,22.488235,1.5117645263671875,6.299018859863281
SKU034,2025-12-06,19,22.15101,3.151010513305664,16.584265859503493
SKU034,2025-12-07,26,23.936392,2.063608169555664,7.936954498291016
SKU034,2025-12-08,13,19.419357,6.4193572998046875,49.37967153695914
SKU034,2025-12-09,15,18.960646,3.9606456756591797,26.40430450439453
SKU034,2025-12-10,16,18.835146,2.835145950317383,17.719662189483643
SKU034,2025-12-11,19,18.432766,0.5672340393066406,2.985442312140214
SKU034,2025-12-12,21,16.75486,4.245140075683594,20.214952741350448
SKU034,2025-12-13,18,20.753613,2.753612518310547,15.297847323947483
SKU034,2025-12-14,16,19.776278,3.776277542114258,23.60173463821411
SKU034,2025-12-15,13,16.969946,3.9699459075927734,30.538045443021332
SKU034,2025-12-16,11,15.552543,4.552542686462402,41.38675169511275
SKU034,2025-12-17,19,16.340466,2.659534454345703,13.997549759714225
SKU034,2025-12-18,13,14.239114,1.2391138076782227,9.531644674447866
SKU034,2025-12-19,26,17.085604,8.914396286010742,34.28613956157977
SKU034,2025-12-20,16,15.815594,0.18440628051757812,1.1525392532348633
SKU034,2025-12-21,21,19.784538,1.2154617309570312,5.787913004557291
SKU034,2025-12-22,15,16.822226,1.822225570678711,12.148170471191406
SKU034,2025-12-23,12,18.594864,6.5948638916015625,54.95719909667969
SKU034,2025-12-24,21,17.052366,3.947633743286133,18.798255920410156
SKU034,2025-12-25,16,16.586874,0.5868740081787109,3.6679625511169434
SKU034,2025-12-26,18,16.079088,1.9209117889404297,10.671732160780165
SKU034,2025-12-27,18,18.356102,0.35610198974609375,1.9783443874782987
SKU034,2025-12-28,24,18.782473,5.217527389526367,21.739697456359863
SKU034,2025-12-29,16,17.022676,1.0226764678955078,6.391727924346924
SKU034,2025-12-30,10,19.019794,9.019794464111328,90.19794464111328
SKU034,2025-12-31,16,18.144136,2.144136428833008,13.400852680206299
SKU035,2025-11-02,15,21.603468,6.60346794128418,44.023119608561196
SKU035,2025-11-03,15,16.078161,1.0781612396240234,7.187741597493489
SKU035,2025-11-04,11,14.37005,3.3700504302978516,30.636822093616832
SKU035,2025-11-05,11,14.650329,3.6503286361694336,33.18480578335849
SKU035,2025-11-06,17,13.592429,3.4075708389282227,20.044534346636603
SKU035,2025-11-07,19,14.139164,4.860836029052734,25.58334752133018
SKU035,2025-11-08,18,18.91601,0.9160099029541016,5.088943905300565
SKU035,2025-11-09,22,21.553251,0.4467487335205078,2.030676061456854
SKU035,2025-11-10,18,15.435223,2.564777374267578,14.248763190375435
SKU035,2025-11-11,15,15.837236,0.8372364044189453,5.581576029459636
SKU035,2025-11-12,15,16.60757,1.6075706481933594,10.717137654622395
SKU035,2025-11-13,18,15.862489,2.1375112533569336,11.875062518649631
SKU035,2025-11-14,20,16.58677,3.4132308959960938,17.06615447998047
SKU035,2025-11-15,17,22.210794,5.210794448852539,30.65173205207376
SKU035,2025-11-16,21,22.229343,1.2293434143066406,5.854016258603051
SKU035,2025-11-17,16,15.96664,0.033359527587890625,0.2084970474243164
SKU035,2025-11-18,20,16.233643,3.766357421875,18.831787109375
SKU035,2025-11-19,13,14.693393,1.6933927536010742,13.026098104623648
SKU035,2025-11-20,10,14.846668,4.846668243408203,48.46668243408203
SKU035,2025-11-21,21,15.533686,5.466314315795898,26.030068170456662
SKU035,2025-11-22,29,23.173256,5.826744079589844,20.092220964102907
SKU035,2025-11-23,24,22.176664,1.8233356475830078,7.597231864929199
SKU035,2025-11-24,9,15.765239,6.7652387619018555,75.16931957668729
SKU035,2025-11-25,18,16.28725,1.7127494812011719,9.515274895562067
SKU035,2025-11-26,22,17.35738,4.642620086669922,21.10281857577237
SKU035,2025-11-27,14,17.89256,3.892559051513672,27.803993225097656
SKU035,2025-11-28,22,17.770569,4.22943115234375,19.224687056107957
SKU035,2025-11-29,25,22.045536,2.9544639587402344,11.817855834960938
SKU035,2025-11-30,21,22.997768,1.9977684020996094,9.513182867140998
SKU035,2025-12-01,18,19.90973,1.9097309112548828,10.609616173638239
SKU035,2025-12-02,15,19.247866,4.247865676879883,28.31910451253255
SKU035,2025-12-03,13,17.911211,4.911211013793945,37.77854625995343
SKU035,2025-12-04,20,18.824808,1.175191879272461,5.875959396362305
SKU035,2025-12-05,18,17.44817,0.5518302917480469,3.065723843044705
SKU035,2025-12-06,21,20.193184,0.8068161010742188,3.841981433686756
SKU035,2025-12-07,23,20.534882,2.465118408203125,10.717906122622283
SKU035,2025-12-08,23,18.377823,4.6221771240234375,20.096422278362773
SKU035,2025-12-09,11,15.994784,4.994784355163574,45.40713050148704
SKU035,2025-12-10,18,18.682657,0.6826572418212891,3.7925402323404946
SKU035,2025-12-11,18,17.712343,0.2876567840576172,1.59809324476454
SKU035,2025-12-12,19,18.388067,0.6119327545166016,3.2206987079821134
SKU035,2025-12-13,22,20.628334,1.3716659545898438,6.234845248135653
SKU035,2025-12-14,17,20.062744,3.062744140625,18.01614200367647
SKU035,2025-12-15,18,17.951607,0.04839324951171875,0.2688513861762153
SKU035,2025-12-16,16,17.369604,1.3696041107177734,8.560025691986084
SKU035,2025-12-17,24,18.83908,5.160919189453125,21.503829956054688
SKU035,2025-12-18,19,17.591629,1.4083709716796875,7.412478798314144
SKU035,2025-12-19,12,16.757452,4.757452011108398,39.64543342590332
SKU035,2025-12-20,19,20.6306,1.6305999755859375,8.582105134662829
SKU035,2025-12-21,19,19.831009,0.8310089111328125,4.373731111225329
SKU035,2025-12-22,22,17.805046,4.194953918457031,19.06797235662287
SKU035,2025-12-23,15,16.879341,1.8793411254882812,12.528940836588543
SKU035,2025-12-24,26,18.45424,7.545759201049805,29.02215077326848
SKU035,2025-12-25,23,17.972078,5.027921676635742,21.860529028851055
SKU035,2025-12-26,20,19.240042,0.7599582672119141,3.79979133605957
SKU035,2025-12-27,16,21.67757,5.677570343017578,35.48481464385986
SKU035,2025-12-28,26,24.588398,1.4116020202636719,5.42923853947566
SKU035,2025-12-29,10,20.467834,10.46783447265625,104.6783447265625
SKU035,2025-12-30,16,20.193487,4.193487167358398,26.20929479598999
SKU035,2025-12-31,14,18.341993,4.34199333190918,31.01423808506557
SKU036,2025-11-02,4,6.70492,2.7049198150634766,67.62299537658691
SKU036,2025-11-03,3,4.092645,1.0926451683044434,36.42150561014812
SKU036,2025-11-04,4,3.6288166,0.3711833953857422,9.279584884643555
SKU036,2025-11-05,4,3.4750113,0.5249886512756348,13.12471628189087
SKU036,2025-11-06,3,3.5510433,0.5510432720184326,18.36810906728109
SKU036,2025-11-07,3,3.1743805,0.17438054084777832,5.812684694925943
SKU036,2025-11-08,7,6.153803,0.8461971282958984,12.08853040422712
SKU036,2025-11-09,3,4.625766,1.6257658004760742,54.192193349202476
SKU036,2025-11-10,6,4.223293,1.7767071723937988,29.611786206563313
SKU036,2025-11-11,4,3.4338417,0.5661582946777344,14.15395736694336
SKU036,2025-11-12,5,3.9006062,1.0993938446044922,21.987876892089844
SKU036,2025-11-13,5,4.1266546,0.8733453750610352,17.466907501220703
SKU036,2025-11-14,7,4.735473,2.264526844024658,32.35038348606655
SKU036,2025-11-15,2,4.9798174,2.9798173904418945,148.99086952209473
SKU036,2025-11-16,1,6.740468,5.7404680252075195,574.046802520752
SKU036,2025-11-17,2,3.5116608,1.5116608142852783,75.58304071426392
SKU036,2025-11-18,2,2.801614,0.8016140460968018,40.08070230484009
SKU036,2025-11-19,5,2.7382264,2.2617735862731934,45.23547172546387
SKU036,2025-11-20,4,2.2907588,1.7092411518096924,42.73102879524231
SKU036,2025-11-21,8,2.7146819,5.28531813621521,66.06647670269012
SKU036,2025-11-22,7,5.5339365,1.4660634994506836,20.943764277866908
SKU036,2025-11-23,7,6.542525,0.4574751853942871,6.535359791346959
SKU036,2025-11-24,5,4.422273,0.5777268409729004,11.554536819458008
SKU036,2025-11-25,2,4.4550257,2.4550256729125977,122.75128364562988
SKU036,2025-11-26,7,4.922633,2.077366828918457,29.676668984549387
SKU036,2025-11-27,3,4.3992662,1.399266242980957,46.642208099365234
SKU036,2025-11-28,3,4.314722,1.3147220611572266,43.82406870524089
SKU036,2025-11-29,6,5.6263514,0.37364864349365234,6.227477391560873
SKU036,2025-11-30,5,4.562548,0.4374518394470215,8.74903678894043
SKU036,2025-12-01,0,3.7630808,3.7630808353424072,
SKU036,2025-12-02,7,4.643712,2.356287956237793,33.66125651768276
SKU036,2025-12-03,3,3.0835297,0.08352971076965332,2.7843236923217773
SKU036,2025-12-04,2,3.8520093,1.8520092964172363,92.60046482086182
SKU036,2025-12-05,3,4.068098,1.0680980682373047,35.603268941243485
SKU036,2025-12-06,7,4.630962,2.3690381050109863,33.84340150015695
SKU036,2025-12-07,5,4.0778675,0.9221324920654297,18.442649841308594
SKU036,2025-12-08,5,4.892178,0.10782194137573242,2.1564388275146484
SKU036,2025-12-09,4,3.9330683,0.06693172454833984,1.673293113708496
SKU036,2025-12-10,5,4.353775,0.6462249755859375,12.924499511718752
SKU036,2025-12-11,2,4.2196374,2.219637393951416,110.9818696975708
SKU036,2025-12-12,3,4.5610743,1.5610742568969727,52.03580856323242
SKU036,2025-12-13,8,5.0927186,2.9072813987731934,36.34101748466492
SKU036,2025-12-14,4,4.613554,0.6135540008544922,15.338850021362305
SKU036,2025-12-15,5,4.6409554,0.35904455184936523,7.180891036987306
SKU036,2025-12-16,5,4.2527995,0.7472004890441895,14.944009780883787
SKU036,2025-12-17,6,4.345689,1.654311180114746,27.571853001912434
SKU036,2025-12-18,7,5.0272202,1.9727797508239746,28.18256786891392
SKU036,2025-12-19,5,5.2415857,0.24158573150634766,4.831714630126953
SKU036,2025-12-20,4,5.8588185,1.858818531036377,46.470463275909424
SKU036,2025-12-21,4,6.2938004,2.2938003540039062,57.345008850097656
SKU036,2025-12-22,3,5.5146475,2.5146474838256836,83.82158279418945
SKU036,2025-12-23,3,4.850167,1.8501667976379395,61.67222658793131
SKU036,2025-12-24,6,4.765231,1.2347688674926758,20.57948112487793
SKU036,2025-12-25,2,4.0318365,2.03183650970459,101.59182548522949
SKU036,2025-12-26,6,4.433536,1.5664639472961426,26.10773245493571
SKU036,2025-12-27,4,4.545264,0.5452637672424316,13.631594181060791
SKU036,2025-12-28,6,5.019064,0.9809360504150391,16.348934173583984
SKU036,2025-12-29,4,4.007566,0.007565975189208984,0.1891493797302246
SKU036,2025-12-30,2,4.0026727,2.0026726722717285,100.13363361358643
SKU036,2025-12-31,3,3.8669505,0.866950511932373,28.89835039774577
SKU037,2025-11-02,22,26.31188,4.311880111694336,19.599455053156074
SKU037,2025-11-03,25,21.605156,3.3948440551757812,13.579376220703123
SKU037,2025-11-04,19,20.273695,1.2736949920654297,6.703657852975946
SKU037,2025-11-05,25,20.32696,4.673040390014648,18.692161560058594
SKU037,2025-11-06,19,19.052046,0.05204582214355469,0.2739253797029194
SKU037,2025-11-07,26,21.060854,4.939146041870117,18.996715545654297
SKU037,2025-11-08,30,28.412342,1.5876579284667969,5.292193094889322
SKU037,2025-11-09,27,30.601303,3.6013031005859375,13.338159631799767
SKU037,2025-11-10,22,22.921793,0.9217929840087891,4.189968109130859
SKU037,2025-11-11,23,22.910738,0.08926200866699219,0.38809568985648774
SKU037,2025-11-12,20,21.304342,1.304342269897461,6.521711349487306
SKU037,2025-11-13,22,21.311794,0.6882057189941406,3.12820781360973
SKU037,2025-11-14,21,21.91917,0.9191703796386719,4.377001807803199
SKU037,2025-11-15,22,26.797672,4.797672271728516,21.807601235129617
SKU037,2025-11-16,20,27.675116,7.675115585327148,38.37557792663574
SKU037,2025-11-17,25,21.062777,3.937223434448242,15.748893737792969
SKU037,2025-11-18,14,17.754936,3.7549362182617188,26.82097298758371
SKU037,2025-11-19,27,20.111155,6.888845443725586,25.51424238416884
SKU037,2025-11-20,23,18.28557,4.71442985534668,20.497521110202953
SKU037,2025-11-21,23,18.945047,4.054952621459961,17.63022878895635
SKU037,2025-11-22,27,26.427103,0.5728969573974609,2.121840582953559
SKU037,2025-11-23,27,29.055939,2.055938720703125,7.614587854456019
SKU037,2025-11-24,19,22.149778,3.149778366088867,16.57778087415193
SKU037,2025-11-25,16,20.765669,4.765668869018555,29.785430431365967
SKU037,2025-11-26,20,20.931807,0.9318065643310547,4.659032821655273
SKU037,2025-11-27,15,18.568361,3.568361282348633,23.78907521565755
SKU037,2025-11-28,19,19.326925,0.32692527770996094,1.7206593563682155
SKU037,2025-11-29,23,25.863237,2.8632373809814453,12.448858178180197
SKU037,2025-11-30,32,24.94319,7.05681037902832,22.0525324344635
SKU037,2025-12-01,26,21.331907,4.668092727661133,17.954202798696663
SKU037,2025-12-02,23,21.254961,1.7450389862060547,7.587126026982846
SKU037,2025-12-03,17,21.824583,4.824583053588867,28.379900315228628
SKU037,2025-12-04,12,21.196203,9.196203231811523,76.6350269317627
SKU037,2025-12-05,25,22.134382,2.8656177520751953,11.462471008300781
SKU037,2025-12-06,30,25.588003,4.411996841430664,14.706656138102215
SKU037,2025-12-07,22,24.069777,2.0697765350341797,9.408075159246271
SKU037,2025-12-08,16,20.377348,4.377347946166992,27.3584246635437
SKU037,2025-12-09,22,20.630568,1.3694324493408203,6.224692951549183
SKU037,2025-12-10,19,19.407381,0.4073810577392578,2.1441108302066203
SKU037,2025-12-11,16,22.253248,6.25324821472168,39.0828013420105
SKU037,2025-12-12,18,20.42886,2.4288597106933594,13.493665059407553
SKU037,2025-12-13,20,20.17319,0.1731891632080078,0.8659458160400391
SKU037,2025-12-14,22,20.557018,1.4429817199707031,6.559007818048651
SKU037,2025-12-15,19,19.12031,0.12030982971191406,0.6332096300627056
SKU037,2025-12-16,14,17.069845,3.069845199584961,21.92746571132115
SKU037,2025-12-17,25,18.639072,6.360927581787109,25.443710327148438
SKU037,2025-12-18,19,18.01003,0.9899692535400391,5.210364492315995
SKU037,2025-12-19,17,18.480324,1.4803237915039062,8.707787008846507
SKU037,2025-12-20,19,20.875265,1.875265121459961,9.869816428736637
SKU037,2025-12-21,26,21.864986,4.135013580322266,15.903898385854868
SKU037,2025-12-22,28,20.175144,7.824855804443359,27.94591358729771
SKU037,2025-12-23,20,19.535732,0.4642677307128906,2.321338653564453
SKU037,2025-12-24,22,20.12899,1.8710098266601562,8.50459012118253
SKU037,2025-12-25,23,20.280172,2.719827651977539,11.825337617293648
SKU037,2025-12-26,23,22.181656,0.8183441162109375,3.558017896569293
SKU037,2025-12-27,20,24.893478,4.8934783935546875,24.467391967773438
SKU037,2025-12-28,25,24.850317,0.14968299865722656,0.5987319946289062
SKU037,2025-12-29,19,23.334562,4.334562301635742,22.81348579808285
SKU037,2025-12-30,23,22.94174,0.05825996398925781,0.25330419125764264
SKU037,2025-12-31,17,22.676527,5.67652702331543,33.39133543126723
SKU038,2025-11-02,4,6.8628798,2.862879753112793,71.57199382781982
SKU038,2025-11-03,8,5.998968,2.0010318756103516,25.012898445129395
SKU038,2025-11-04,5,4.886443,0.1135568618774414,2.271137237548828
SKU038,2025-11-05,5,4.6657357,0.33426427841186523,6.685285568237305
SKU038,2025-11-06,10,5.3289075,4.671092510223389,46.71092510223389
SKU038,2025-11-07,5,4.6964755,0.3035244941711426,6.070489883422852
SKU038,2025-11-08,9,7.21342,1.7865800857543945,19.850889841715492
SKU038,2025-11-09,8,8.560749,0.5607490539550781,7.009363174438477
SKU038,2025-11-10,5,6.453161,1.4531607627868652,29.06321525573731
SKU038,2025-11-11,6,6.5260043,0.5260043144226074,8.766738573710125
SKU038,2025-11-12,9,6.6719766,2.3280234336853027,25.866927040947807
SKU038,2025-11-13,4,5.758257,1.7582569122314453,43.95642280578613
SKU038,2025-11-14,7,6.623123,0.3768768310546875,5.383954729352679
SKU038,2025-11-15,7,7.7682257,0.7682256698608398,10.974652426583427
SKU038,2025-11-16,10,8.654883,1.3451166152954102,13.451166152954103
SKU038,2025-11-17,7,6.235217,0.7647829055786133,10.925470079694476
SKU038,2025-11-18,8,6.492224,1.5077757835388184,18.84719729423523
SKU038,2025-11-19,5,5.6640825,0.6640825271606445,13.281650543212892
SKU038,2025-11-20,8,6.825528,1.1744718551635742,14.680898189544678
SKU038,2025-11-21,14,7.100862,6.8991379737854,49.279556955610005
SKU038,2025-11-22,13,11.733083,1.2669172286987305,9.745517143836388
SKU038,2025-11-23,6,11.508408,5.5084075927734375,91.80679321289062
SKU038,2025-11-24,6,7.8589945,1.858994483947754,30.98324139912923
SKU038,2025-11-25,8,7.4077373,0.5922627449035645,7.403284311294556
SKU038,2025-11-26,8,7.6993647,0.30063533782958984,3.757941722869873
SKU038,2025-11-27,8,7.681448,0.31855201721191406,3.981900215148926
SKU038,2025-11-28,6,6.8805876,0.8805875778198242,14.676459630330404
SKU038,2025-11-29,9,7.629861,1.3701391220092773,15.223768022325304
SKU038,2025-11-30,16,11.3531,4.646900177001953,29.043126106262207
SKU038,2025-12-01,5,6.7113113,1.7113113403320312,34.226226806640625
SKU038,2025-12-02,5,8.679925,3.679924964904785,73.5984992980957
SKU038,2025-12-03,5,7.915312,2.915311813354492,58.30623626708984
SKU038,2025-12-04,6,7.7019296,1.7019295692443848,28.365492820739746
SKU038,2025-12-05,5,7.468963,2.468963146209717,49.379262924194336
SKU038,2025-12-06,7,8.489662,1.4896621704101562,21.280888148716517
SKU038,2025-12-07,6,6.8062315,0.8062314987182617,13.437191645304361
SKU038,2025-12-08,9,6.2058506,2.794149398803711,31.046104431152344
SKU038,2025-12-09,11,6.33182,4.668179988861084,42.437999898737125
SKU038,2025-12-10,5,5.8841424,0.8841423988342285,17.68284797668457
SKU038,2025-12-11,3,6.6262326,3.626232624053955,120.87442080179851
SKU038,2025-12-12,8,7.510626,0.48937416076660156,6.1171770095825195
SKU038,2025-12-13,8,7.5042195,0.49578046798706055,6.197255849838257
SKU038,2025-12-14,5,7.4104886,2.4104886054992676,48.20977210998535
SKU038,2025-12-15,5,7.2114706,2.211470603942871,44.22941207885742
SKU038,2025-12-16,6,5.680945,0.31905508041381836,5.317584673563639
SKU038,2025-12-17,5,5.4156666,0.4156665802001953,8.313331604003906
SKU038,2025-12-18,11,6.9041615,4.09583854675293,37.234895879572086
SKU038,2025-12-19,12,6.272338,5.727662086486816,47.73051738739014
SKU038,2025-12-20,5,6.821117,1.8211169242858887,36.42233848571777
SKU038,2025-12-21,5,8.249449,3.249448776245117,64.98897552490234
SKU038,2025-12-22,6,7.9076924,1.9076924324035645,31.794873873392742
SKU038,2025-12-23,10,8.12675,1.8732500076293945,18.732500076293945
SKU038,2025-12-24,11,7.9331784,3.066821575164795,27.880196137861773
SKU038,2025-12-25,4,6.5358973,2.5358972549438477,63.39743137359619
SKU038,2025-12-26,7,7.229569,0.2295689582824707,3.2795565468924384
SKU038,2025-12-27,8,7.8979154,0.10208463668823242,1.2760579586029053
SKU038,2025-12-28,10,8.771444,1.228555679321289,12.28555679321289
SKU038,2025-12-29,7,7.590631,0.5906310081481934,8.437585830688477
SKU038,2025-12-30,13,8.58041,4.419589996337891,33.996846125676086
SKU038,2025-12-31,11,8.226408,2.773591995239258,25.214472683993254
SKU039,2025-11-02,3,3.8854818,0.8854818344116211,29.516061147054035
SKU039,2025-11-03,4,2.629326,1.3706738948822021,34.266847372055054
SKU039,2025-11-04,4,2.1200135,1.8799865245819092,46.99966311454773
SKU039,2025-11-05,3,2.0697844,0.93021559715271,31.007186571757
SKU039,2025-11-06,3,2.8180313,0.18196868896484375,6.065622965494791
SKU039,2025-11-07,1,2.5036345,1.5036344528198242,150.36344528198242
SKU039,2025-11-08,1,3.8091156,2.8091156482696533,280.91156482696533
SKU039,2025-11-09,2,3.9759493,1.9759492874145508,98.79746437072754
SKU039,2025-11-10,3,2.5382671,0.4617328643798828,15.391095479329428
SKU039,2025-11-11,6,2.3480093,3.6519906520843506,60.86651086807251
SKU039,2025-11-12,2,1.9030726,0.09692740440368652,4.846370220184326
SKU039,2025-11-13,5,2.444234,2.5557661056518555,51.11532211303711
SKU039,2025-11-14,5,2.7100549,2.289945125579834,45.79890251159668
SKU039,2025-11-15,3,4.4017925,1.4017925262451172,46.726417541503906
SKU039,2025-11-16,0,4.8070726,4.807072639465332,
SKU039,2025-11-17,5,3.4102411,1.5897588729858398,31.795177459716793
SKU039,2025-11-18,1,2.0288703,1.0288703441619873,102.88703441619873
SKU039,2025-11-19,3,2.628099,0.3719010353088379,12.396701176961262
SKU039,2025-11-20,3,2.2175412,0.7824587821960449,26.081959406534832
SKU039,2025-11-21,0,1.7975749,1.7975748777389526,
SKU039,2025-11-22,2,2.9661853,0.9661853313446045,48.309266567230225
SKU039,2025-11-23,4,4.3898063,0.38980627059936523,9.74515676498413
SKU039,2025-11-24,0,1.3355722,1.3355722427368164,
SKU039,2025-11-25,0,0.9604843,0.9604843258857727,
SKU039,2025-11-26,2,0.97429293,1.0257070660591125,51.28535330295563
SKU039,2025-11-27,3,0.770342,2.229658007621765,74.32193358739218
SKU039,2025-11-28,2,1.061028,0.938971996307373,46.94859981536865
SKU039,2025-11-29,3,1.7850001,1.2149999141693115,40.49999713897705
SKU039,2025-11-30,3,2.567883,0.4321169853210449,14.403899510701498
SKU039,2025-12-01,7,3.1585848,3.8414151668548584,54.87735952649798
SKU039,2025-12-02,4,2.7217984,1.2782015800476074,31.955039501190186
SKU039,2025-12-03,4,3.6374023,0.3625977039337158,9.064942598342896
SKU039,2025-12-04,2,3.4567091,1.4567091464996338,72.83545732498169
SKU039,2025-12-05,2,3.7280033,1.7280032634735107,86.40016317367554
SKU039,2025-12-06,2,3.8213391,1.8213391304016113,91.06695652008057
SKU039,2025-12-07,2,3.68211,1.682110071182251,84.10550355911255
SKU039,2025-12-08,0,2.6472774,2.647277355194092,
SKU039,2025-12-09,3,2.2284815,0.7715184688568115,25.71728229522705
SKU039,2025-12-10,3,1.7635065,1.236493468284607,41.216448942820236
SKU039,2025-12-11,3,2.111685,0.888314962387085,29.610498746236164
SKU039,2025-12-12,1,1.6780574,0.6780574321746826,67.80574321746826
SKU039,2025-12-13,4,2.800017,1.1999828815460205,29.999572038650513
SKU039,2025-12-14,1,2.5137868,1.513786792755127,151.3786792755127
SKU039,2025-12-15,1,2.7653403,1.7653403282165527,176.53403282165527
SKU039,2025-12-16,4,2.5994802,1.400519847869873,35.012996196746826
SKU039,2025-12-17,0,1.5668335,1.56683349609375,
SKU039,2025-12-18,0,1.7787448,1.7787448167800903,
SKU039,2025-12-19,2,1.8755538,0.12444615364074707,6.2223076820373535
SKU039,2025-12-20,2,1.9149803,0.08501970767974854,4.250985383987427
SKU039,2025-12-21,3,2.22233,0.7776699066162109,25.922330220540363
SKU039,2025-12-22,3,2.213197,0.7868030071258545,26.22676690419515
SKU039,2025-12-23,7,2.8352988,4.164701223373413,59.495731762477334
SKU039,2025-12-24,1,2.7551832,1.755183219909668,175.5183219909668
SKU039,2025-12-25,6,3.6667976,2.333202362060547,38.88670603434245
SKU039,2025-12-26,2,2.8846784,0.8846783638000488,44.23391819000244
SKU039,2025-12-27,1,3.651619,2.6516189575195312,265.1618957519531
SKU039,2025-12-28,1,3.6401215,2.6401214599609375,264.01214599609375
SKU039,2025-12-29,3,3.202612,0.20261192321777344,6.753730773925781
SKU039,2025-12-30,6,3.0084672,2.991532802581787,49.858880043029785
SKU039,2025-12-31,3,2.6904874,0.3095126152038574,10.317087173461914
SKU040,2025-11-02,16,19.170692,3.1706924438476562,19.81682777404785
SKU040,2025-11-03,12,13.530755,1.5307550430297852,12.756292025248209
SKU040,2025-11-04,10,12.134617,2.1346168518066406,21.346168518066406
SKU040,2025-11-05,11,12.850194,1.850193977355957,16.81994524869052
SKU040,2025-11-06,13,13.171118,0.17111778259277344,1.3162906353290265
SKU040,2025-11-07,16,12.1338005,3.866199493408203,24.16374683380127
SKU040,2025-11-08,13,16.084343,3.0843429565429688,23.72571505033053
SKU040,2025-11-09,14,16.752201,2.7522010803222656,19.65857914515904
SKU040,2025-11-10,14,12.470705,1.5292949676513672,10.923535483224052
SKU040,2025-11-11,7,11.169514,4.169513702392578,59.56448146275112
SKU040,2025-11-12,12,12.219155,0.21915531158447266,1.8262942632039387
SKU040,2025-11-13,12,11.153345,0.8466548919677734,7.055457433064778
SKU040,2025-11-14,17,11.268551,5.731449127197266,33.71440663057215
SKU040,2025-11-15,21,16.269096,4.730903625488281,22.528112502325147
SKU040,2025-11-16,15,16.738997,1.7389965057373047,11.593310038248699
SKU040,2025-11-17,10,11.976666,1.9766664505004883,19.766664505004883
SKU040,2025-11-18,7,12.250255,5.2502546310424805,75.00363758632115
SKU040,2025-11-19,15,12.697356,2.3026437759399414,15.350958506266277
SKU040,2025-11-20,16,12.263074,3.7369260787963867,23.355787992477417
SKU040,2025-11-21,5,10.101837,5.101837158203125,102.0367431640625
SKU040,2025-11-22,14,14.962215,0.9622154235839844,6.872967311314174
SKU040,2025-11-23,19,16.01135,2.988649368286133,15.729733517295436
SKU040,2025-11-24,8,9.964127,1.9641265869140625,24.55158233642578
SKU040,2025-11-25,11,11.585746,0.5857458114624023,5.324961922385476
SKU040,2025-11-26,5,9.144607,4.144606590270996,82.89213180541992
SKU040,2025-11-27,12,10.097495,1.9025049209594727,15.854207674662272
SKU040,2025-11-28,11,9.832858,1.1671419143676758,10.610381039706143
SKU040,2025-11-29,14,13.998497,0.00150299072265625,0.010735648018973214
SKU040,2025-11-30,15,13.340232,1.6597681045532227,11.065120697021484
SKU040,2025-12-01,14,10.999897,3.000102996826172,21.42930712018694
SKU040,2025-12-02,19,12.231593,6.768406867980957,35.62319404200503
SKU040,2025-12-03,8,11.255521,3.255520820617676,40.69401025772095
SKU040,2025-12-04,20,14.251746,5.74825382232666,28.7412691116333
SKU040,2025-12-05,11,12.4260645,1.4260644912719727,12.964222647927024
SKU040,2025-12-06,17,16.292912,0.7070884704589844,4.159343943876379
SKU040,2025-12-07,14,16.04191,2.041910171508789,14.585072653634207
SKU040,2025-12-08,9,14.269527,5.269527435302734,58.55030483669705
SKU040,2025-12-09,13,13.517382,0.5173816680908203,3.9798589853140025
SKU040,2025-12-10,13,12.401267,0.5987329483032227,4.605638063870943
SKU040,2025-12-11,15,12.445855,2.554144859313965,17.02763239542643
SKU040,2025-12-12,15,12.504478,2.4955215454101562,16.636810302734375
SKU040,2025-12-13,16,14.754386,1.2456140518188477,7.785087823867798
SKU040,2025-12-14,20,15.895677,4.104323387145996,20.52161693572998
SKU040,2025-12-15,12,14.266545,2.266545295715332,18.887877464294434
SKU040,2025-12-16,21,15.566211,5.433789253234863,25.875186920166016
SKU040,2025-12-17,7,13.2611,6.261099815368652,89.44428307669503
SKU040,2025-12-18,10,14.323045,4.323044776916504,43.23044776916504
SKU040,2025-12-19,14,14.2474575,0.24745750427246094,1.7675536019461497
SKU040,2025-12-20,14,15.442051,1.4420509338378906,10.30036381312779
SKU040,2025-12-21,15,14.515354,0.4846458435058594,3.230972290039062
SKU040,2025-12-22,17,14.292115,2.7078847885131836,15.92873405007755
SKU040,2025-12-23,15,11.931832,3.0681676864624023,20.454451243082683
SKU040,2025-12-24,18,14.325378,3.67462158203125,20.414564344618054
SKU040,2025-12-25,5,12.809703,7.8097028732299805,156.1940574645996
SKU040,2025-12-26,7,13.940459,6.940459251403809,99.14941787719727
SKU040,2025-12-27,8,14.064893,6.064892768859863,75.81115961074829
SKU040,2025-12-28,6,12.507638,6.507637977600098,108.46063296000163
SKU040,2025-12-29,10,10.74754,0.7475404739379883,7.475404739379883
SKU040,2025-12-30,9,9.412121,0.4121208190917969,4.579120212131076
SKU040,2025-12-31,13,8.175766,4.8242340087890625,37.109492375300476
SKU041,2025-11-02,11,12.292719,1.2927188873291016,11.751989884810014
SKU041,2025-11-03,6,8.663472,2.6634721755981445,44.39120292663574
SKU041,2025-11-04,9,8.982292,0.01770782470703125,0.1967536078559028
SKU041,2025-11-05,8,9.483954,1.4839544296264648,18.54943037033081
SKU041,2025-11-06,16,10.663583,5.336417198181152,33.3526074886322
SKU041,2025-11-07,4,9.344457,5.344456672668457,133.61141681671143
SKU041,2025-11-08,19,14.838011,4.161989212036133,21.90520637913754
SKU041,2025-11-09,17,13.7102785,3.2897214889526367,19.35130287619198
SKU041,2025-11-10,8,10.0169525,2.0169525146484375,25.21190643310547
SKU041,2025-11-11,5,10.221981,5.221981048583984,104.43962097167969
SKU041,2025-11-12,12,10.813195,1.1868047714233398,9.890039761861164
SKU041,2025-11-13,6,8.848579,2.8485794067382812,47.476323445638016
SKU041,2025-11-14,13,10.916743,2.083256721496582,16.025051703819862
SKU041,2025-11-15,10,14.465882,4.465882301330566,44.658823013305664
SKU041,2025-11-16,11,14.32064,3.3206396102905273,30.187632820822973
SKU041,2025-11-17,8,8.167087,0.16708660125732422,2.0885825157165527
SKU041,2025-11-18,2,7.6631064,5.663106441497803,283.15532207489014
SKU041,2025-11-19,12,9.060125,2.9398746490478516,24.498955408732094
SKU041,2025-11-20,6,7.4540453,1.454045295715332,24.234088261922203
SKU041,2025-11-21,5,6.8137746,1.813774585723877,36.27549171447754
SKU041,2025-11-22,6,10.3903265,4.390326499938965,73.17210833231607
SKU041,2025-11-23,13,9.881162,3.118838310241699,23.99106392493615
SKU041,2025-11-24,8,6.1822248,1.8177752494812012,22.722190618515015
SKU041,2025-11-25,17,8.359113,8.640887260437012,50.82874859080595
SKU041,2025-11-26,9,7.1563907,1.84360933303833,20.484548144870335
SKU041,2025-11-27,7,7.873374,0.8733739852905273,12.476771218436104
SKU041,2025-11-28,13,9.348265,3.651735305786133,28.09027158297025
SKU041,2025-11-29,13,15.398768,2.398768424987793,18.452064807598408
SKU041,2025-11-30,16,16.046986,0.046985626220703125,0.29366016387939453
SKU041,2025-12-01,11,11.898588,0.8985881805419922,8.168983459472656
SKU041,2025-12-02,9,10.762661,1.7626609802246094,19.58512200249566
SKU041,2025-12-03,14,11.741608,2.258392333984375,16.131373814174108
SKU041,2025-12-04,8,11.5039835,3.503983497619629,43.79979372024536
SKU041,2025-12-05,13,12.101832,0.898167610168457,6.908981616680439
SKU041,2025-12-06,12,13.2215605,1.2215604782104492,10.179670651753742
SKU041,2025-12-07,11,12.793096,1.793095588684082,16.30086898803711
SKU041,2025-12-08,7,10.593856,3.593855857849121,51.340797969273154
SKU041,2025-12-09,7,10.368108,3.368107795715332,48.11582565307617
SKU041,2025-12-10,10,10.134206,0.13420581817626953,1.3420581817626953
SKU041,2025-12-11,7,9.525635,2.525634765625,36.080496651785715
SKU041,2025-12-12,9,9.148679,0.14867877960205078,1.6519864400227864
SKU041,2025-12-13,11,10.532344,0.46765613555908203,4.251419414173474
SKU041,2025-12-14,15,10.474087,4.525913238525391,30.172754923502605
SKU041,2025-12-15,14,10.027771,3.97222900390625,28.37306431361607
SKU041,2025-12-16,7,10.035371,3.0353708267211914,43.362440381731304
SKU041,2025-12-17,7,10.29047,3.2904701232910156,47.00671604701451
SKU041,2025-12-18,7,10.131074,3.1310739517211914,44.729627881731304
SKU041,2025-12-19,11,10.550481,0.44951915740966797,4.086537794633345
SKU041,2025-12-20,11,12.027916,1.0279159545898438,9.344690496271307
SKU041,2025-12-21,14,11.81999,2.1800098419189453,15.57149887084961
SKU041,2025-12-22,5,8.525469,3.5254688262939453,70.5093765258789
SKU041,2025-12-23,17,11.151519,5.848481178283691,34.402830460492304
SKU041,2025-12-24,9,9.749046,0.7490463256835938,8.32273695203993
SKU041,2025-12-25,12,11.692431,0.3075685501098633,2.5630712509155273
SKU041,2025-12-26,10,10.6919,0.6919002532958984,6.919002532958984
SKU041,2025-12-27,14,13.312672,0.6873283386230469,4.909488133021763
SKU041,2025-12-28,3,11.439741,8.439741134643555,281.3247044881185
SKU041,2025-12-29,9,10.496761,1.4967613220214844,16.630681355794273
SKU041,2025-12-30,11,10.172373,0.8276271820068359,7.523883472789418
SKU041,2025-12-31,5,8.398778,3.398777961730957,67.97555923461914
SKU042,2025-11-02,24,23.256464,0.7435359954833984,3.098066647847493
SKU042,2025-11-03,21,18.55496,2.445039749145508,11.643046424502417
SKU042,2025-11-04,15,16.24593,1.2459297180175781,8.306198120117188
SKU042,2025-11-05,19,18.394478,0.6055221557617188,3.1869587145353617
SKU042,2025-11-06,23,18.23618,4.763820648193359,20.712263687797215
SKU042,2025-11-07,14,17.536745,3.536745071411133,25.262464795793804
SKU042,2025-11-08,31,29.03006,1.969940185546875,6.35464575982863
SKU042,2025-11-09,18,23.94406,5.944059371948242,33.02255206637913
SKU042,2025-11-10,17,19.765827,2.765827178955078,16.269571640912226
SKU042,2025-11-11,14,18.045202,4.045202255249023,28.894301823207307
SKU042,2025-11-12,12,17.133266,5.133266448974609,42.77722040812175
SKU042,2025-11-13,16,15.838926,0.1610736846923828,1.0067105293273926
SKU042,2025-11-14,15,16.344364,1.3443641662597656,8.962427775065104
SKU042,2025-11-15,24,23.950308,0.04969215393066406,0.20705064137776694
SKU042,2025-11-16,34,23.528795,10.47120475769043,30.797661052030676
SKU042,2025-11-17,18,17.037716,0.9622840881347656,5.346022711859809
SKU042,2025-11-18,14,17.217175,3.217174530029297,22.979818071637833
SKU042,2025-11-19,15,18.870638,3.870637893676758,25.80425262451172
SKU042,2025-11-20,14,16.788689,2.7886886596679688,19.919204711914062
SKU042,2025-11-21,16,17.785152,1.7851524353027344,11.15720272064209
SKU042,2025-11-22,27,27.472637,0.4726371765136719,1.7505080611617478
SKU042,2025-11-23,20,20.049797,0.04979705810546875,0.24898529052734378
SKU042,2025-11-24,14,15.72914,1.729140281677246,12.351002011980329
SKU042,2025-11-25,22,16.4735,5.526500701904297,25.12045773592862
SKU042,2025-11-26,19,15.772643,3.2273569107055664,16.98608900371351
SKU042,2025-11-27,18,17.11237,0.8876304626464844,4.931280348036024
SKU042,2025-11-28,22,18.380709,3.619291305541992,16.451324116099965
SKU042,2025-11-29,28,23.892048,4.107952117919922,14.67125756399972
SKU042,2025-11-30,19,23.338152,4.338151931762695,22.83237858822471
SKU042,2025-12-01,21,22.15686,1.1568603515625,5.508858816964286
SKU042,2025-12-02,19,20.004616,1.0046157836914062,5.287451493112664
SKU042,2025-12-03,25,21.046532,3.9534683227539062,15.813873291015627
SKU042,2025-12-04,18,19.906187,1.9061870574951172,10.589928097195095
SKU042,2025-12-05,29,22.547403,6.452596664428711,22.250333325616246
SKU042,2025-12-06,27,24.46038,2.5396194458007812,9.4059979474103
SKU042,2025-12-07,17,24.303583,7.303583145141602,42.9622537949506
SKU042,2025-12-08,18,22.806755,4.806755065917969,26.70419481065538
SKU042,2025-12-09,22,21.674368,0.32563209533691406,1.480145887895064
SKU042,2025-12-10,16,19.637663,3.637662887573242,22.735393047332764
SKU042,2025-12-11,18,20.629396,2.629396438598633,14.607757992214626
SKU042,2025-12-12,14,18.242779,4.242778778076172,30.305562700544087
SKU042,2025-12-13,21,20.794727,0.20527267456054688,0.9774889264787947
SKU042,2025-12-14,16,18.545046,2.545045852661133,15.90653657913208
SKU042,2025-12-15,21,18.84729,2.1527099609375,10.250999813988097
SKU042,2025-12-16,25,17.045374,7.954626083374023,31.818504333496094
SKU042,2025-12-17,18,18.10403,0.10403060913085938,0.5779478285047743
SKU042,2025-12-18,21,18.839123,2.160877227783203,10.289891560872395
SKU042,2025-12-19,23,19.425217,3.5747833251953125,15.542536196501358
SKU042,2025-12-20,31,24.297668,6.70233154296875,21.62042433215726
SKU042,2025-12-21,34,27.402292,6.597707748413086,19.405022789450253
SKU042,2025-12-22,17,24.142546,7.142545700073242,42.01497470631319
SKU042,2025-12-23,20,23.015678,3.0156784057617188,15.078392028808594
SKU042,2025-12-24,24,24.315027,0.31502723693847656,1.3126134872436523
SKU042,2025-12-25,21,23.496542,2.496541976928711,11.888295128231958
SKU042,2025-12-26,26,24.139708,1.8602924346923828,7.154970902663011
SKU042,2025-12-27,17,24.807955,7.807954788208008,45.92914581298828
SKU042,2025-12-28,23,23.575115,0.5751152038574219,2.5005008863366167
SKU042,2025-12-29,21,23.218685,2.2186851501464844,10.565167381649927
SKU042,2025-12-30,19,22.70247,3.7024707794189453,19.48668831273129
SKU042,2025-12-31,17,22.32995,5.329950332641602,31.35264901553883
SKU043,2025-11-02,28,26.201435,1.7985649108886719,6.423446110316686
SKU043,2025-11-03,20,20.13205,0.132049560546875,0.660247802734375
SKU043,2025-11-04,20,18.619085,1.3809146881103516,6.904573440551758
SKU043,2025-11-05,19,19.538673,0.5386734008789062,2.8351231625205595
SKU043,2025-11-06,18,18.700674,0.7006740570068359,3.8926336500379772
SKU043,2025-11-07,21,19.890362,1.1096382141113281,5.283991495768229
SKU043,2025-11-08,31,26.93934,4.060659408569336,13.0989013179656
SKU043,2025-11-09,19,25.495127,6.495126724243164,34.184877496016654
SKU043,2025-11-10,17,20.142939,3.1429386138916016,18.487874199362363
SKU043,2025-11-11,20,18.888857,1.1111431121826172,5.555715560913086
SKU043,2025-11-12,23,19.696203,3.3037967681884766,14.364333774732508
SKU043,2025-11-13,13,17.10893,4.108930587768555,31.60715836745042
SKU043,2025-11-14,16,18.301168,2.301168441772461,14.38230276107788
SKU043,2025-11-15,25,24.571354,0.4286460876464844,1.7145843505859375
SKU043,2025-11-16,31,26.071566,4.928434371948242,15.898175393381425
SKU043,2025-11-17,12,17.887062,5.887062072753906,49.05885060628255
SKU043,2025-11-18,18,17.799728,0.2002716064453125,1.1126200358072915
SKU043,2025-11-19,29,18.782192,10.21780776977539,35.23381989577721
SKU043,2025-11-20,19,18.097134,0.9028663635253906,4.751928229081003
SKU043,2025-11-21,20,18.768927,1.2310733795166016,6.155366897583008
SKU043,2025-11-22,22,25.383057,3.383056640625,15.377530184659092
SKU043,2025-11-23,24,25.047316,1.0473155975341797,4.363814989725748
SKU043,2025-11-24,11,19.83063,8.830629348754883,80.27844862504439
SKU043,2025-11-25,15,17.708757,2.7087574005126953,18.058382670084637
SKU043,2025-11-26,12,16.51021,4.510210037231445,37.58508364359538
SKU043,2025-11-27,12,14.918559,2.9185590744018555,24.321325620015465
SKU043,2025-11-28,20,15.467252,4.532748222351074,22.66374111175537
SKU043,2025-11-29,23,20.694183,2.305816650390625,10.025289784307065
SKU043,2025-11-30,20,20.077879,0.07787895202636719,0.38939476013183594
SKU043,2025-12-01,22,17.731083,4.268917083740234,19.404168562455613
SKU043,2025-12-02,17,16.261225,0.7387752532958984,4.34573678409352
SKU043,2025-12-03,19,19.854382,0.8543815612792969,4.496745059364721
SKU043,2025-12-04,19,20.031754,1.0317535400390625,5.4302817896792765
SKU043,2025-12-05,16,19.112284,3.112283706665039,19.451773166656494
SKU043,2025-12-06,17,20.588308,3.588308334350586,21.107696084415213
SKU043,2025-12-07,17,20.498291,3.498291015625,20.578182444852942
SKU043,2025-12-08,17,17.969332,0.9693317413330078,5.701951419605928
SKU043,2025-12-09,23,17.479198,5.520801544189453,24.003484974736754
SKU043,2025-12-10,16,15.719986,0.2800140380859375,1.7500877380371094
SKU043,2025-12-11,25,18.180756,6.819244384765625,27.276977539062504
SKU043,2025-12-12,21,18.199661,2.8003387451171875,13.334946405319942
SKU043,2025-12-13,20,21.084253,1.0842533111572266,5.421266555786133
SKU043,2025-12-14,20,22.390478,2.3904781341552734,11.952390670776367
SKU043,2025-12-15,13,19.718357,6.718357086181641,51.679669893704926
SKU043,2025-12-16,21,19.029272,1.9707279205322266,9.384418669201079
SKU043,2025-12-17,14,17.88095,3.880950927734375,27.721078055245535
SKU043,2025-12-18,20,17.795143,2.2048568725585938,11.024284362792969
SKU043,2025-12-19,22,17.088951,4.911048889160156,22.322949496182527
SKU043,2025-12-20,26,20.158476,5.841524124145508,22.46740047748272
SKU043,2025-12-21,16,19.428991,3.4289913177490234,21.431195735931396
SKU043,2025-12-22,12,19.251282,7.25128173828125,60.427347819010414
SKU043,2025-12-23,13,16.717669,3.7176685333251953,28.597450256347656
SKU043,2025-12-24,14,17.207214,3.20721435546875,22.908673967633927
SKU043,2025-12-25,24,17.326698,6.673301696777344,27.805423736572266
SKU043,2025-12-26,16,15.00185,0.9981498718261719,6.238436698913574
SKU043,2025-12-27,30,20.081125,9.918874740600586,33.06291580200195
SKU043,2025-12-28,17,18.296682,1.296682357788086,7.627543281106387
SKU043,2025-12-29,22,21.429792,0.5702075958251953,2.5918527082963423
SKU043,2025-12-30,23,21.948868,1.0511322021484375,4.570140009341032
SKU043,2025-12-31,30,23.899574,6.100425720214844,20.334752400716148
SKU044,2025-11-02,12,11.004869,0.9951305389404297,8.292754491170246
SKU044,2025-11-03,6,7.4873857,1.4873857498168945,24.789762496948242
SKU044,2025-11-04,6,7.6773424,1.677342414855957,27.95570691426595
SKU044,2025-11-05,11,8.3923,2.6077003479003906,23.70636679909446
SKU044,2025-11-06,12,8.752954,3.24704647064209,27.058720588684082
SKU044,2025-11-07,4,8.121137,4.121136665344238,103.02841663360596
SKU044,2025-11-08,6,10.638533,4.638532638549805,77.30887730916342
SKU044,2025-11-09,13,10.747933,2.2520666122436523,17.323589324951172
SKU044,2025-11-10,6,7.35791,1.35791015625,22.6318359375
SKU044,2025-11-11,6,7.6754255,1.6754255294799805,27.92375882466634
SKU044,2025-11-12,3,6.5742636,3.574263572692871,119.14211908976237
SKU044,2025-11-13,9,6.784895,2.2151050567626953,24.612278408474392
SKU044,2025-11-14,7,6.1418796,0.8581204414367676,12.25886344909668
SKU044,2025-11-15,8,8.66311,0.6631097793579102,8.288872241973877
SKU044,2025-11-16,14,9.238568,4.761431694030762,34.01022638593401
SKU044,2025-11-17,8,6.012596,1.9874038696289062,24.842548370361328
SKU044,2025-11-18,2,6.274514,4.274514198303223,213.72570991516113
SKU044,2025-11-19,4,7.5002666,3.5002665519714355,87.50666379928589
SKU044,2025-11-20,5,6.3169727,1.3169727325439453,26.339454650878906
SKU044,2025-11-21,7,6.237324,0.7626757621765137,10.895368031093053
SKU044,2025-11-22,4,7.4272585,3.4272584915161133,85.68146228790283
SKU044,2025-11-23,16,8.236279,7.763721466064453,48.52325916290283
SKU044,2025-11-24,7,5.083562,1.916438102722168,27.37768718174526
SKU044,2025-11-25,11,6.884218,4.115781784057617,37.41619803688743
SKU044,2025-11-26,4,5.9757776,1.9757776260375977,49.39444065093994
SKU044,2025-11-27,7,7.363474,0.36347389221191406,5.192484174455915
SKU044,2025-11-28,7,7.2345934,0.23459339141845703,3.351334163120815
SKU044,2025-11-29,14,12.025039,1.974961280822754,14.1068662915911
SKU044,2025-11-30,7,9.964043,2.9640426635742188,42.34346662248884
SKU044,2025-12-01,5,8.549562,3.549562454223633,70.99124908447266
SKU044,2025-12-02,8,7.6774254,0.3225746154785156,4.032182693481445
SKU044,2025-12-03,14,8.604345,5.395654678344727,38.54039055960519
SKU044,2025-12-04,7,7.9966645,0.9966645240783691,14.238064629690989
SKU044,2025-12-05,7,8.851696,1.8516960144042969,26.452800205775667
SKU044,2025-12-06,7,8.815061,1.8150606155395508,25.929437364850727
SKU044,2025-12-07,4,8.032973,4.032973289489746,100.82433223724365
SKU044,2025-12-08,4,7.9016604,3.901660442352295,97.54151105880737
SKU044,2025-12-09,10,7.9075856,2.092414379119873,20.92414379119873
SKU044,2025-12-10,7,6.1491046,0.8508954048156738,12.155648640223912
SKU044,2025-12-11,9,6.586976,2.4130239486694336,26.811377207438152
SKU044,2025-12-12,5,5.9231405,0.9231405258178711,18.462810516357422
SKU044,2025-12-13,10,8.184606,1.815394401550293,18.15394401550293
SKU044,2025-12-14,12,9.051955,2.948044776916504,24.567039807637535
SKU044,2025-12-15,9,8.566721,0.43327903747558594,4.81421152750651
SKU044,2025-12-16,11,8.824177,2.175823211669922,19.780211015181106
SKU044,2025-12-17,10,8.856415,1.143585205078125,11.43585205078125
SKU044,2025-12-18,6,8.75041,2.7504100799560547,45.84016799926758
SKU044,2025-12-19,7,9.04743,2.0474300384521484,29.249000549316406
SKU044,2025-12-20,10,10.360928,0.3609275817871094,3.6092758178710938
SKU044,2025-12-21,8,9.717858,1.7178583145141602,21.473228931427002
SKU044,2025-12-22,6,8.473514,2.473513603210449,41.22522672017415
SKU044,2025-12-23,8,8.50993,0.5099296569824219,6.374120712280273
SKU044,2025-12-24,8,7.347428,0.6525721549987793,8.157151937484741
SKU044,2025-12-25,10,8.245046,1.7549543380737305,17.549543380737305
SKU044,2025-12-26,10,7.967967,2.0320329666137695,20.320329666137695
SKU044,2025-12-27,8,9.407139,1.4071388244628906,17.589235305786133
SKU044,2025-12-28,11,9.981456,1.0185441970825195,9.259492700750178
SKU044,2025-12-29,9,7.7316175,1.2683825492858887,14.093139436509874
SKU044,2025-12-30,5,8.007016,3.007016181945801,60.140323638916016
SKU044,2025-12-31,5,8.182332,3.1823320388793945,63.64664077758789
SKU045,2025-11-02,31,25.339088,5.660911560058594,18.261005032447077
SKU045,2025-11-03,11,18.111034,7.111034393310547,64.64576721191406
SKU045,2025-11-04,19,17.845732,1.1542682647705078,6.075096130371094
SKU045,2025-11-05,22,17.703516,4.296483993530273,19.52947269786488
SKU045,2025-11-06,18,18.550186,0.5501861572265625,3.056589762369792
SKU045,2025-11-07,23,19.27579,3.724210739135742,16.192220604938008
SKU045,2025-11-08,33,24.862574,8.137426376342773,24.658867807099313
SKU045,2025-11-09,28,26.757252,1.2427482604980469,4.438386644635882
SKU045,2025-11-10,24,21.744856,2.2551441192626953,9.39643383026123
SKU045,2025-11-11,15,20.667747,5.667747497558594,37.78498331705729
SKU045,2025-11-12,18,21.641241,3.6412410736083984,20.22911707560221
SKU045,2025-11-13,19,20.497917,1.4979171752929688,7.8837746068050985
SKU045,2025-11-14,25,20.564934,4.435066223144531,17.740264892578125
SKU045,2025-11-15,22,23.312204,1.312204360961914,5.964565277099609
SKU045,2025-11-16,27,26.758196,0.2418041229248047,0.8955708256474247
SKU045,2025-11-17,15,19.063284,4.063283920288086,27.088559468587242
SKU045,2025-11-18,22,19.181385,2.818614959716797,12.811886180530896
SKU045,2025-11-19,15,18.459288,3.459287643432617,23.061917622884113
SKU045,2025-11-20,17,18.73982,1.7398204803466797,10.234238119686351
SKU045,2025-11-21,29,19.308195,9.691804885864258,33.42001684780779
SKU045,2025-11-22,33,25.395203,7.60479736328125,23.044840494791664
SKU045,2025-11-23,24,27.094501,3.094501495361328,12.893756230672201
SKU045,2025-11-24,18,21.793135,3.7931346893310547,21.072970496283638
SKU045,2025-11-25,26,21.005825,4.994174957275391,19.208365220289963
SKU045,2025-11-26,15,20.361826,5.361825942993164,35.745506286621094
SKU045,2025-11-27,17,20.366732,3.366731643676758,19.80430378633387
SKU045,2025-11-28,24,20.905935,3.094064712524414,12.891936302185059
SKU045,2025-11-29,30,22.713978,7.286022186279297,24.28674062093099
SKU045,2025-11-30,34,29.151012,4.848987579345703,14.261728174546185
SKU045,2025-12-01,18,22.409962,4.409961700439453,24.499787224663628
SKU045,2025-12-02,23,22.43772,0.5622806549072266,2.444698499596637
SKU045,2025-12-03,26,23.968737,2.0312633514404297,7.812551351693961
SKU045,2025-12-04,24,23.96165,0.038349151611328125,0.1597881317138672
SKU045,2025-12-05,19,23.938696,4.938695907592773,25.99313635575144
SKU045,2025-12-06,27,26.859411,0.14058876037597656,0.5206991125036169
SKU045,2025-12-07,29,25.78118,3.218820571899414,11.099381282411773
SKU045,2025-12-08,20,22.631392,2.6313915252685547,13.156957626342775
SKU045,2025-12-09,26,24.288778,1.711221694946289,6.581621903639573
SKU045,2025-12-10,20,22.737108,2.7371082305908203,13.6855411529541
SKU045,2025-12-11,16,21.04217,5.042169570922852,31.513559818267822
SKU045,2025-12-12,17,23.426367,6.426366806030273,37.80215768253102
SKU045,2025-12-13,26,22.550543,3.4494571685791016,13.267142956073469
SKU045,2025-12-14,27,23.867197,3.132802963256836,11.602973937988281
SKU045,2025-12-15,20,21.217978,1.217977523803711,6.089887619018555
SKU045,2025-12-16,19,19.98364,0.9836406707763672,5.17705616198088
SKU045,2025-12-17,13,19.628635,6.628635406494141,50.989503126878
SKU045,2025-12-18,10,19.103464,9.103464126586914,91.03464126586914
SKU045,2025-12-19,18,19.387411,1.387411117553711,7.707839541965061
SKU045,2025-12-20,21,20.061811,0.9381885528564453,4.467564537411644
SKU045,2025-12-21,22,19.467842,2.5321578979492188,11.509808627041904
SKU045,2025-12-22,22,17.523394,4.476606369018555,20.34821076826616
SKU045,2025-12-23,15,17.30503,2.3050308227539062,15.366872151692709
SKU045,2025-12-24,15,17.848845,2.848844528198242,18.992296854654946
SKU045,2025-12-25,28,21.450338,6.549661636352539,23.39164870125907
SKU045,2025-12-26,24,20.48293,3.517070770263672,14.654461542765299
SKU045,2025-12-27,23,23.11113,0.1111297607421875,0.4831728727921196
SKU045,2025-12-28,30,25.575558,4.424442291259766,14.748140970865887
SKU045,2025-12-29,19,20.688416,1.68841552734375,8.886397512335527
SKU045,2025-12-30,20,23.18566,3.185659408569336,15.928297042846678
SKU045,2025-12-31,20,23.21221,3.212209701538086,16.06104850769043
SKU046,2025-11-02,14,12.535899,1.4641008377075195,10.457863126482282
SKU046,2025-11-03,4,6.9972305,2.9972305297851562,74.9307632446289
SKU046,2025-11-04,6,7.721968,1.721968173980713,28.699469566345215
SKU046,2025-11-05,7,6.839368,0.16063213348388672,2.2947447640555247
SKU046,2025-11-06,13,8.22128,4.778719902038574,36.75938386183519
SKU046,2025-11-07,2,7.1537056,5.153705596923828,257.6852798461914
SKU046,2025-11-08,8,10.430141,2.4301414489746094,30.376768112182617
SKU046,2025-11-09,9,8.797858,0.20214176177978516,2.2460195753309464
SKU046,2025-11-10,6,6.6381626,0.6381626129150391,10.636043548583984
SKU046,2025-11-11,7,6.920909,0.07909107208251953,1.1298724583217077
SKU046,2025-11-12,5,6.4840255,1.484025478363037,29.680509567260742
SKU046,2025-11-13,10,6.012242,3.987758159637451,39.87758159637451
SKU046,2025-11-14,9,6.863291,2.136709213256836,23.741213480631508
SKU046,2025-11-15,13,10.536828,2.46317195892334,18.947476607102615
SKU046,2025-11-16,6,9.6694355,3.669435501098633,61.15725835164388
SKU046,2025-11-17,13,8.434863,4.565136909484863,35.116437765268174
SKU046,2025-11-18,5,7.1860595,2.1860594749450684,43.72118949890137
SKU046,2025-11-19,10,8.861511,1.13848876953125,11.3848876953125
SKU046,2025-11-20,6,7.432196,1.4321961402893066,23.86993567148844
SKU046,2025-11-21,7,7.384175,0.38417482376098633,5.48821176801409
SKU046,2025-11-22,7,9.661799,2.661799430847168,38.02570615495954
SKU046,2025-11-23,5,9.454179,4.454178810119629,89.08357620239258
SKU046,2025-11-24,6,6.1002603,0.10026025772094727,1.671004295349121
SKU046,2025-11-25,8,6.533754,1.4662461280822754,18.328076601028442
SKU046,2025-11-26,6,5.5116405,0.4883594512939453,8.139324188232422
SKU046,2025-11-27,5,5.271553,0.27155303955078125,5.431060791015625
SKU046,2025-11-28,6,5.518544,0.48145580291748047,8.024263381958008
SKU046,2025-11-29,12,7.512622,4.487378120422363,37.394817670186356
SKU046,2025-11-30,9,7.395591,1.6044092178344727,17.826769087049694
SKU046,2025-12-01,7,7.300688,0.3006877899169922,4.295539855957031
SKU046,2025-12-02,7,7.4522295,0.45222949981689453,6.460421425955635
SKU046,2025-12-03,6,7.1413493,1.1413493156433105,19.022488594055176
SKU046,2025-12-04,8,8.188193,0.18819332122802734,2.352416515350342
SKU046,2025-12-05,6,7.900116,1.900115966796875,31.668599446614582
SKU046,2025-12-06,8,8.297003,0.29700279235839844,3.7125349044799805
SKU046,2025-12-07,14,8.971056,5.02894401550293,35.92102868216379
SKU046,2025-12-08,7,6.695839,0.30416107177734375,4.345158168247768
SKU046,2025-12-09,10,8.144989,1.855010986328125,18.55010986328125
SKU046,2025-12-10,9,8.367008,0.6329917907714844,7.03324211968316
SKU046,2025-12-11,13,9.434972,3.565028190612793,27.42329377394456
SKU046,2025-12-12,10,9.384061,0.6159391403198242,6.159391403198242
SKU046,2025-12-13,8,10.999231,2.9992313385009766,37.49039173126221
SKU046,2025-12-14,9,10.224147,1.224146842956543,13.601631588406033
SKU046,2025-12-15,8,9.831305,1.8313045501708984,22.89130687713623
SKU046,2025-12-16,8,8.757121,0.7571210861206055,9.464013576507568
SKU046,2025-12-17,9,8.74826,0.2517404556274414,2.797116173638238
SKU046,2025-12-18,1,6.6004434,5.600443363189697,560.0443363189697
SKU046,2025-12-19,11,8.366757,2.633242607116699,23.938569155606356
SKU046,2025-12-20,12,8.792513,3.207487106323242,26.72905921936035
SKU046,2025-12-21,8,8.636462,0.6364622116088867,7.955777645111084
SKU046,2025-12-22,9,8.474723,0.5252771377563477,5.836412641737196
SKU046,2025-12-23,12,8.618125,3.3818750381469727,28.182291984558105
SKU046,2025-12-24,5,7.575148,2.575148105621338,51.50296211242675
SKU046,2025-12-25,5,9.626965,4.626964569091797,92.53929138183594
SKU046,2025-12-26,9,8.774126,0.2258739471435547,2.5097105238172746
SKU046,2025-12-27,9,9.174168,0.17416763305664062,1.9351959228515625
SKU046,2025-12-28,9,9.116464,0.11646366119384766,1.2940406799316406
SKU046,2025-12-29,9,7.755757,1.2442431449890137,13.824923833211264
SKU046,2025-12-30,3,6.7952337,3.795233726501465,126.50779088338216
SKU046,2025-12-31,5,7.492093,2.492093086242676,49.841861724853516
SKU047,2025-11-02,16,18.576761,2.576761245727539,16.10475778579712
SKU047,2025-11-03,13,12.124874,0.8751258850097656,6.731737576998197
SKU047,2025-11-04,12,12.19699,0.1969900131225586,1.6415834426879883
SKU047,2025-11-05,16,13.971858,2.028141975402832,12.6758873462677
SKU047,2025-11-06,10,12.807693,2.807692527770996,28.076925277709964
SKU047,2025-11-07,10,12.952451,2.952450752258301,29.52450752258301
SKU047,2025-11-08,17,17.640892,0.6408920288085938,3.7699531106387867
SKU047,2025-11-09,24,18.966068,5.033931732177734,20.974715550740562
SKU047,2025-11-10,10,13.474832,3.4748315811157227,34.74831581115723
SKU047,2025-11-11,19,13.952386,5.047614097595215,26.566389987343236
SKU047,2025-11-12,9,11.860037,2.860036849975586,31.778187221950954
SKU047,2025-11-13,11,13.46413,2.464130401611328,22.401185469193894
SKU047,2025-11-14,7,12.697154,5.6971540451049805,81.38791493007115
SKU047,2025-11-15,25,19.767048,5.232952117919922,20.931808471679688
SKU047,2025-11-16,20,17.828281,2.1717185974121094,10.858592987060547
SKU047,2025-11-17,9,12.510881,3.5108814239501953,39.00979359944661
SKU047,2025-11-18,13,12.391807,0.6081933975219727,4.67841075016902
SKU047,2025-11-19,8,11.098392,3.098391532897949,38.729894161224365
SKU047,2025-11-20,12,12.361208,0.3612079620361328,3.0100663503011065
SKU047,2025-11-21,12,12.481138,0.4811382293701172,4.009485244750977
SKU047,2025-11-22,21,17.254118,3.745882034301758,17.837533496675036
SKU047,2025-11-23,6,12.789755,6.789754867553711,113.16258112589519
SKU047,2025-11-24,14,12.716184,1.2838163375854492,9.170116697038923
SKU047,2025-11-25,10,9.841198,0.15880203247070312,1.588020324707031
SKU047,2025-11-26,8,10.678723,2.6787233352661133,33.484041690826416
SKU047,2025-11-27,12,10.852436,1.1475639343261719,9.563032786051433
SKU047,2025-11-28,13,10.384318,2.6156816482543945,20.120628063495342
SKU047,2025-11-29,10,12.409526,2.4095258712768555,24.095258712768555
SKU047,2025-11-30,23,18.051739,4.948261260986328,21.51417939559273
SKU047,2025-12-01,11,11.37642,0.3764200210571289,3.422000191428445
SKU047,2025-12-02,11,12.31237,1.3123703002929688,11.930639093572443
SKU047,2025-12-03,12,12.853198,0.8531980514526367,7.109983762105306
SKU047,2025-12-04,20,13.5583725,6.441627502441406,32.20813751220703
SKU047,2025-12-05,15,13.0252495,1.9747505187988281,13.165003458658855
SKU047,2025-12-06,19,17.188543,1.8114566802978516,9.53398252788343
SKU047,2025-12-07,20,16.295862,3.7041378021240234,18.520689010620117
SKU047,2025-12-08,13,14.969151,1.9691505432128906,15.147311870868391
SKU047,2025-12-09,12,15.3355055,3.335505485534668,27.795879046122234
SKU047,2025-12-10,14,15.83651,1.8365097045898438,13.117926461356028
SKU047,2025-12-11,8,13.533638,5.533638000488281,69.17047500610352
SKU047,2025-12-12,15,14.472912,0.5270881652832031,3.5139211018880205
SKU047,2025-12-13,14,14.936738,0.9367380142211914,6.690985815865654
SKU047,2025-12-14,10,13.431296,3.4312963485717773,34.31296348571777
SKU047,2025-12-15,18,14.237554,3.762446403503418,20.902480019463432
SKU047,2025-12-16,16,12.369841,3.630159378051758,22.688496112823486
SKU047,2025-12-17,10,11.737795,1.7377948760986328,17.377948760986328
SKU047,2025-12-18,12,13.512237,1.5122365951538086,12.601971626281738
SKU047,2025-12-19,12,12.631636,0.6316356658935547,5.263630549112955
SKU047,2025-12-20,14,14.325516,0.3255157470703125,2.3251124790736606
SKU047,2025-12-21,18,16.036724,1.9632759094238281,10.907088385687933
SKU047,2025-12-22,9,13.196645,4.1966447830200195,46.62938647800022
SKU047,2025-12-23,12,13.595262,1.595261573791504,13.293846448262533
SKU047,2025-12-24,15,13.184412,1.8155879974365234,12.103919982910156
SKU047,2025-12-25,9,12.305692,3.305691719055176,36.72990798950195
SKU047,2025-12-26,16,14.426354,1.5736455917358398,9.835284948348999
SKU047,2025-12-27,15,15.43632,0.43632030487060547,2.908802032470703
SKU047,2025-12-28,12,14.3381,2.3381004333496094,19.484170277913414
SKU047,2025-12-29,20,14.6032,5.3968000411987305,26.984000205993652
SKU047,2025-12-30,15,12.846778,2.15322208404541,14.354813893636068
SKU047,2025-12-31,6,12.848292,6.848292350769043,114.13820584615071
SKU048,2025-11-02,19,11.990928,7.009072303771973,36.8898542303788
SKU048,2025-11-03,10,7.1776586,2.8223414421081543,28.223414421081543
SKU048,2025-11-04,10,8.9639435,1.0360565185546875,10.360565185546875
SKU048,2025-11-05,12,10.066729,1.9332714080810547,16.110595067342125
SKU048,2025-11-06,7,9.404267,2.4042673110961914,34.346675872802734
SKU048,2025-11-07,5,9.650545,4.650545120239258,93.01090240478516
SKU048,2025-11-08,12,14.329243,2.329242706298828,19.41035588582357
SKU048,2025-11-09,7,13.4002285,6.400228500366211,91.4318357195173
SKU048,2025-11-10,6,8.1354475,2.1354475021362305,35.59079170227051
SKU048,2025-11-11,7,7.661595,0.6615948677062988,9.451355252947126
SKU048,2025-11-12,7,6.6081915,0.39180850982666016,5.597264426095145
SKU048,2025-11-13,7,6.7495975,0.25040245056152344,3.5771778651646207
SKU048,2025-11-14,2,6.170143,4.170143127441406,208.5071563720703
SKU048,2025-11-15,9,7.619709,1.3802909851074219,15.336566501193577
SKU048,2025-11-16,9,8.825272,0.1747283935546875,1.9414265950520833
SKU048,2025-11-17,7,6.1314416,0.868558406829834,12.4079772404262
SKU048,2025-11-18,12,6.8614626,5.138537406921387,42.82114505767822
SKU048,2025-11-19,5,5.4087696,0.4087696075439453,8.175392150878906
SKU048,2025-11-20,8,7.073988,0.9260120391845703,11.575150489807129
SKU048,2025-11-21,8,7.348685,0.6513152122497559,8.141440153121948
SKU048,2025-11-22,11,10.823708,0.17629241943359375,1.6026583584872158
SKU048,2025-11-23,12,12.485151,0.4851512908935547,4.042927424112955
SKU048,2025-11-24,6,7.8732247,1.8732247352600098,31.220412254333496
SKU048,2025-11-25,2,6.9826846,4.98268461227417,249.1342306137085
SKU048,2025-11-26,2,6.3316503,4.331650257110596,216.58251285552979
SKU048,2025-11-27,2,5.234703,3.2347030639648438,161.7351531982422
SKU048,2025-11-28,5,4.934028,0.06597185134887695,1.319437026977539
SKU048,2025-11-29,9,6.7546315,2.245368480682373,24.94853867424859
SKU048,2025-11-30,10,6.922229,3.0777711868286133,30.777711868286133
SKU048,2025-12-01,7,5.3802834,1.6197166442871094,23.138809204101562
SKU048,2025-12-02,15,7.1453586,7.854641437530518,52.364276250203446
SKU048,2025-12-03,6,5.9026694,0.09733057022094727,1.622176170349121
SKU048,2025-12-04,4,8.270531,4.270530700683594,106.76326751708984
SKU048,2025-12-05,11,9.468521,1.5314788818359375,13.922535289417615
SKU048,2025-12-06,6,8.884774,2.8847742080688477,48.07957013448079
SKU048,2025-12-07,8,9.782866,1.7828655242919922,22.285819053649902
SKU048,2025-12-08,7,8.394942,1.394942283630371,19.9277469090053
SKU048,2025-12-09,9,6.864873,2.135127067565918,23.723634084065758
SKU048,2025-12-10,10,7.3067408,2.6932592391967773,26.932592391967773
SKU048,2025-12-11,9,7.5591016,1.4408984184265137,16.009982426961265
SKU048,2025-12-12,3,6.838161,3.838160991668701,127.93869972229004
SKU048,2025-12-13,12,9.907494,2.0925064086914062,17.43755340576172
SKU048,2025-12-14,5,8.043268,3.0432682037353516,60.86536407470703
SKU048,2025-12-15,11,8.942548,2.0574522018432617,18.704110925847832
SKU048,2025-12-16,7,6.8728385,0.12716150283813477,1.8165928976876393
SKU048,2025-12-17,6,7.215473,1.2154731750488281,20.257886250813804
SKU048,2025-12-18,7,7.444535,0.4445347785949707,6.3504968370710095
SKU048,2025-12-19,7,8.034231,1.034231185913086,14.774731227329799
SKU048,2025-12-20,9,8.221702,0.7782983779907227,8.647759755452473
SKU048,2025-12-21,11,9.011056,1.9889440536499023,18.081309578635476
SKU048,2025-12-22,6,7.2738323,1.2738323211669922,21.23053868611654
SKU048,2025-12-23,5,7.707201,2.7072010040283203,54.1440200805664
SKU048,2025-12-24,10,8.454268,1.545731544494629,15.45731544494629
SKU048,2025-12-25,4,6.808223,2.808222770690918,70.20556926727295
SKU048,2025-12-26,5,7.9196343,2.9196343421936035,58.39268684387206
SKU048,2025-12-27,6,7.9910083,1.9910082817077637,33.183471361796066
SKU048,2025-12-28,4,7.3324146,3.3324146270751953,83.31036567687988
SKU048,2025-12-29,7,5.783354,1.2166461944580078,17.380659920828684
SKU048,2025-12-30,7,5.958039,1.0419611930847168,14.88515990121024
SKU048,2025-12-31,7,5.3833547,1.616645336151123,23.094933373587473
SKU049,2025-11-02,33,28.517797,4.482202529907227,13.582431908809777
SKU049,2025-11-03,22,19.617048,2.3829517364501953,10.831598802046342
SKU049,2025-11-04,22,20.517578,1.482421875,6.73828125
SKU049,2025-11-05,17,20.117275,3.1172752380371094,18.336913164924173
SKU049,2025-11-06,14,20.21003,6.210029602050781,44.35735430036272
SKU049,2025-11-07,19,19.892479,0.8924789428710938,4.697257594058389
SKU049,2025-11-08,22,27.963676,5.963676452636719,27.107620239257812
SKU049,2025-11-09,36,27.93558,8.064420700073242,22.401168611314564
SKU049,2025-11-10,19,19.041441,0.04144096374511719,0.2181103355006168
SKU049,2025-11-11,21,19.048243,1.9517574310302734,9.294083004906065
SKU049,2025-11-12,25,19.981241,5.018758773803711,20.075035095214844
SKU049,2025-11-13,21,20.285412,0.7145881652832031,3.4028007870628723
SKU049,2025-11-14,20,20.787767,0.7877674102783203,3.938837051391601
SKU049,2025-11-15,30,31.340437,1.3404369354248047,4.468123118082682
SKU049,2025-11-16,24,29.624998,5.624998092651367,23.437492052714028
SKU049,2025-11-17,22,22.284933,0.28493309020996094,1.295150410045277
SKU049,2025-11-18,19,20.066448,1.0664482116699219,5.612885324578536
SKU049,2025-11-19,9,18.489716,9.489715576171875,105.4412841796875
SKU049,2025-11-20,20,18.8082,1.1917991638183594,5.958995819091797
SKU049,2025-11-21,22,18.462488,3.5375118255615234,16.079599207097832
SKU049,2025-11-22,23,23.590883,0.5908832550048828,2.569057630456012
SKU049,2025-11-23,24,25.147194,1.1471939086914062,4.7799746195475254
SKU049,2025-11-24,17,18.334242,1.3342418670654297,7.848481570973116
SKU049,2025-11-25,18,17.823223,0.17677688598632812,0.9820938110351562
SKU049,2025-11-26,22,21.140354,0.8596458435058594,3.907481106844815
SKU049,2025-11-27,18,18.07464,0.07464027404785156,0.4146681891547309
SKU049,2025-11-28,21,19.0053,1.994699478149414,9.498568943568639
SKU049,2025-11-29,22,24.885864,2.8858642578125,13.117564808238635
SKU049,2025-11-30,41,28.891594,12.108406066894531,29.532697724133005
SKU049,2025-12-01,32,23.899145,8.100854873657227,25.315171480178833
SKU049,2025-12-02,24,22.890089,1.1099109649658203,4.624629020690918
SKU049,2025-12-03,15,24.34209,9.342090606689453,62.28060404459635
SKU049,2025-12-04,25,23.18985,1.810150146484375,7.2406005859375
SKU049,2025-12-05,20,24.335117,4.335117340087891,21.675586700439453
SKU049,2025-12-06,29,28.945461,0.054538726806640625,0.1880645751953125
SKU049,2025-12-07,22,25.862507,3.862506866455078,17.55684939297763
SKU049,2025-12-08,27,22.89336,4.106639862060547,15.209777266890914
SKU049,2025-12-09,24,21.329077,2.6709232330322266,11.128846804300945
SKU049,2025-12-10,20,22.695309,2.6953086853027344,13.47654342651367
SKU049,2025-12-11,26,22.98664,3.0133590698242188,11.589842576246994
SKU049,2025-12-12,25,23.165611,1.8343887329101562,7.337554931640625
SKU049,2025-12-13,23,24.88401,1.8840103149414062,8.191349195397418
SKU049,2025-12-14,26,27.414762,1.4147624969482422,5.4413942190317
SKU049,2025-12-15,16,22.868605,6.86860466003418,42.92877912521362
SKU049,2025-12-16,19,22.142147,3.1421470642089844,16.537616127415706
SKU049,2025-12-17,21,21.415672,0.41567230224609375,1.9793919154575894
SKU049,2025-12-18,28,21.222364,6.77763557434082,24.205841336931503
SKU049,2025-12-19,16,19.525848,3.525848388671875,22.03655242919922
SKU049,2025-12-20,25,24.747202,0.25279808044433594,1.0111923217773438
SKU049,2025-12-21,22,21.995829,0.0041713714599609375,0.018960779363458805
SKU049,2025-12-22,21,22.245302,1.2453022003173828,5.930010477701822
SKU049,2025-12-23,15,20.04361,5.043609619140625,33.624064127604164
SKU049,2025-12-24,27,21.386038,5.613962173461914,20.792452494303383
SKU049,2025-12-25,24,20.114504,3.885496139526367,16.189567248026528
SKU049,2025-12-26,27,22.012794,4.987205505371094,18.471131501374423
SKU049,2025-12-27,32,24.966244,7.033756256103516,21.980488300323486
SKU049,2025-12-28,20,27.410797,7.410797119140625,37.053985595703125
SKU049,2025-12-29,15,22.534101,7.534101486206055,50.2273432413737
SKU049,2025-12-30,16,24.81005,8.810049057006836,55.062806606292725
SKU049,2025-12-31,16,24.620398,8.620397567749023,53.8774847984314
SKU050,2025-11-02,8,6.327391,1.6726088523864746,20.907610654830933
SKU050,2025-11-03,4,4.2446585,0.2446584701538086,6.116461753845215
SKU050,2025-11-04,6,4.5294485,1.4705514907836914,24.509191513061523
SKU050,2025-11-05,5,4.431805,0.5681948661804199,11.363897323608398
SKU050,2025-11-06,9,5.428729,3.5712709426879883,39.68078825208876
SKU050,2025-11-07,5,4.736535,0.26346492767333984,5.269298553466797
SKU050,2025-11-08,4,7.468385,3.4683852195739746,86.70963048934937
SKU050,2025-11-09,13,7.876324,5.12367582321167,39.412890947782074
SKU050,2025-11-10,9,5.747725,3.252274990081787,36.13638877868652
SKU050,2025-11-11,3,5.8320837,2.8320837020874023,94.40279006958008
SKU050,2025-11-12,5,6.598243,1.598243236541748,31.964864730834964
SKU050,2025-11-13,5,5.7565274,0.7565274238586426,15.13054847717285
SKU050,2025-11-14,4,5.7531943,1.7531943321228027,43.82985830307007
SKU050,2025-11-15,8,8.347935,0.3479347229003906,4.349184036254883
SKU050,2025-11-16,6,7.1529326,1.1529326438903809,19.215544064839683
SKU050,2025-11-17,8,4.9758477,3.0241522789001465,37.80190348625183
SKU050,2025-11-18,4,4.5704083,0.5704083442687988,14.26020860671997
SKU050,2025-11-19,7,5.432616,1.5673837661743164,22.391196659633092
SKU050,2025-11-20,2,4.657538,2.6575379371643066,132.87689685821533
SKU050,2025-11-21,4,5.2536454,1.253645420074463,31.341135501861572
SKU050,2025-11-22,11,8.006993,2.993006706237793,27.209151874889027
SKU050,2025-11-23,5,6.8097186,1.8097186088562012,36.19437217712402
SKU050,2025-11-24,3,4.870216,1.870215892791748,62.34052975972494
SKU050,2025-11-25,2,4.538793,2.5387930870056152,126.93965435028076
SKU050,2025-11-26,5,3.9935224,1.0064775943756104,20.129551887512207
SKU050,2025-11-27,5,4.6926155,0.3073844909667969,6.1476898193359375
SKU050,2025-11-28,4,4.623249,0.6232490539550781,15.581226348876953
SKU050,2025-11-29,6,4.790549,1.2094511985778809,20.157519976298012
SKU050,2025-11-30,5,4.6344457,0.3655543327331543,7.311086654663086
SKU050,2025-12-01,5,4.513938,0.48606204986572266,9.721240997314453
SKU050,2025-12-02,6,5.374397,0.625603199005127,10.426719983418781
SKU050,2025-12-03,8,5.2035503,2.796449661254883,34.955620765686035
SKU050,2025-12-04,6,5.2452908,0.7547092437744141,12.578487396240234
SKU050,2025-12-05,3,5.436159,2.436159133911133,81.20530446370444
SKU050,2025-12-06,6,6.713235,0.7132349014282227,11.887248357137043
SKU050,2025-12-07,6,6.499264,0.4992637634277344,8.321062723795574
SKU050,2025-12-08,9,5.893088,3.106912136077881,34.5212459564209
SKU050,2025-12-09,5,5.4352746,0.435274600982666,8.70549201965332
SKU050,2025-12-10,3,5.152168,2.152167797088623,71.73892656962076
SKU050,2025-12-11,1,4.862901,3.862901210784912,386.2901210784912
SKU050,2025-12-12,7,5.415271,1.5847291946411133,22.638988494873047
SKU050,2025-12-13,3,4.5266724,1.52667236328125,50.889078776041664
SKU050,2025-12-14,6,5.4098535,0.590146541595459,9.835775693257649
SKU050,2025-12-15,4,4.084525,0.08452510833740234,2.1131277084350586
SKU050,2025-12-16,4,3.9499302,0.05006980895996094,1.2517452239990234
SKU050,2025-12-17,1,3.4162023,2.4162023067474365,241.62023067474365
SKU050,2025-12-18,3,4.141979,1.1419792175292969,38.065973917643234
SKU050,2025-12-19,5,3.7125812,1.2874188423156738,25.748376846313477
SKU050,2025-12-20,9,4.6681066,4.331893444061279,48.132149378458664
SKU050,2025-12-21,8,4.5651135,3.4348864555358887,42.93608069419861
SKU050,2025-12-22,5,5.147764,0.1477642059326172,2.9552841186523438
SKU050,2025-12-23,7,5.7709937,1.229006290435791,17.5572327205113
SKU050,2025-12-24,4,5.5235195,1.523519515991211,38.08798789978027
SKU050,2025-12-25,8,6.5025263,1.4974737167358398,18.718421459197998
SKU050,2025-12-26,7,6.9164786,0.08352136611938477,1.1931623731340681
SKU050,2025-12-27,7,7.712436,0.7124361991882324,10.17765998840332
SKU050,2025-12-28,11,8.656593,2.3434066772460938,21.303697065873582
SKU050,2025-12-29,10,6.4950204,3.5049796104431152,35.04979610443115
SKU050,2025-12-30,8,7.4887094,0.5112905502319336,6.39113187789917
SKU050,2025-12-31,9,7.2369604,1.7630395889282227,19.58932876586914
